121;300;249;98
101;219;54;180
198;23;195;20
230;152;191;207
279;169;286;21
165;48;34;117
156;11;230;209
107;81;99;126
84;71;115;144
48;174;197;190
142;103;59;47
129;224;233;278
229;228;90;104
138;241;287;286
268;41;242;37
58;278;136;189
9;288;154;36
97;42;300;7
76;18;127;145
0;65;135;259
240;106;125;93
221;159;18;104
298;295;166;28
97;106;122;14
192;28;289;267
17;284;12;48
225;87;33;147
35;279;120;214
146;238;284;66
221;243;280;5
209;132;11;291
167;17;44;83
34;158;258;49
242;269;237;24
188;122;66;220
135;112;3;12
105;284;187;68
17;95;129;171
171;171;184;143
21;95;47;81
77;54;169;284
151;112;152;89
239;196;92;239
202;108;107;140
270;78;106;174
290;272;182;61
146;288;50;173
84;270;120;284
271;153;2;97
247;116;268;111
97;81;101;248
90;263;76;147
154;142;271;294
92;59;1;39
70;215;206;13
146;251;9;35
71;59;150;260
123;194;61;62
273;170;11;140
153;174;80;267
77;234;264;61
275;170;300;230
266;243;82;136
200;261;298;220
248;161;132;143
144;107;187;242
217;183;183;217
108;290;171;40
222;299;75;30
30;255;228;190
64;176;52;1
6;97;3;35
233;59;120;0
110;65;15;266
156;53;276;8
202;31;292;35
196;24;171;232
225;62;29;31
233;33;257;200
292;116;254;13
291;261;267;201
89;177;76;76
204;67;165;249
207;278;267;36
101;80;198;277
22;105;259;255
272;45;13;107
279;141;292;132
64;233;54;19
263;17;285;108
264;223;37;100
142;143;233;288
173;240;214;33
56;4;33;0
94;192;215;283
230;208;38;190
88;295;174;69
132;238;86;72
88;88;88;88
106;92;133;157
123;250;235;95
50;227;43;88
110;259;92;300
208;150;273;21
151;296;31;59
246;106;204;195
273;272;49;28
119;268;292;267
156;260;30;227
232;292;27;164
141;147;48;75
127;215;279;214
143;64;258;190
39;299;247;67
7;210;79;78
270;277;16;16
188;277;14;287
236;229;212;259
216;54;66;173
56;97;287;25
242;166;277;36
131;282;56;177
75;236;126;223
186;3;255;52
295;19;202;219
109;225;72;171
12;218;289;238
25;130;106;213
112;70;92;200
13;109;221;262
126;95;19;270
112;184;300;91
35;129;34;7
236;0;205;24
85;2;235;108
187;252;219;154
167;267;228;217
145;194;269;24
79;196;171;137
234;58;14;215
201;120;75;282
128;25;92;22
289;77;291;273
142;18;277;79
283;15;85;144
164;208;44;184
107;193;265;196
229;299;59;293
151;33;175;53
166;283;272;75
268;131;14;162
221;197;19;61
224;111;237;299
258;193;283;263
124;154;210;109
193;37;34;109
216;131;65;152
17;45;123;37
164;271;60;281
246;88;263;232
201;136;206;238
132;112;58;112
232;162;57;54
99;63;139;186
51;113;74;220
22;200;65;17
139;128;88;59
238;170;91;197
293;7;128;283
136;14;165;66
186;79;279;29
100;193;202;119
79;6;277;188
73;281;160;16
204;272;55;87
139;40;258;21
73;118;279;235
203;57;75;282
116;116;20;172
10;210;101;212
126;229;137;172
153;225;224;206
134;29;83;90
122;248;200;196
227;239;78;290
39;52;17;73
136;112;67;16
295;253;206;48
40;280;85;140
101;69;85;195
234;70;175;152
5;40;252;0
113;81;50;238
103;215;244;97
210;254;254;289
218;71;228;134
80;5;292;179
291;52;41;46
268;283;104;50
212;72;114;219
83;218;269;275
141;202;253;298
21;189;204;298
235;108;220;118
259;169;122;262
173;253;238;260
184;104;1;273
180;231;178;179
87;20;15;230
174;153;10;272
49;0;67;176
141;184;14;80
190;191;242;188
175;57;48;280
215;148;256;272
3;72;19;50
46;117;182;162
237;124;76;238
273;25;22;235
2;139;212;233
82;65;121;178
76;263;255;44
259;157;268;15
290;229;99;53
134;181;184;22
22;266;8;168
236;201;14;229
111;129;0;66
107;22;91;81
201;224;122;85
194;168;181;258
132;268;276;30
89;52;78;203
83;220;48;194
111;45;197;288
230;195;136;98
205;142;162;32
240;182;128;197
251;182;259;99
249;181;284;77
28;45;214;2
14;275;298;102
167;63;183;197
270;135;8;286
173;84;47;142
269;125;29;250
204;187;119;48
77;26;262;118
253;244;169;81
103;271;197;33
50;106;106;127
103;161;296;219
175;260;169;2
22;89;198;69
86;216;138;45
243;145;249;35
257;131;8;272
34;239;36;152
198;268;175;139
87;292;196;200
215;269;49;214
80;170;8;89
273;173;95;124
119;24;241;68
0;297;64;6
297;286;67;50
136;194;281;105
271;15;205;39
73;128;175;163
158;43;273;144
294;149;255;257
204;279;119;33
48;118;241;128
270;245;171;150
44;273;131;144
83;266;51;163
187;188;272;133
151;296;46;20
149;10;271;10
3;271;157;134
185;218;227;264
34;90;269;147
122;63;234;193
176;275;223;141
26;23;136;192
253;93;17;266
67;50;77;168
186;39;110;144
85;136;98;42
119;255;261;174
42;264;13;211
114;281;172;191
204;216;219;115
238;77;183;89
278;192;300;161
287;78;248;198
176;68;284;176
216;114;277;258
130;248;285;191
128;46;113;268
124;153;125;160
154;198;237;204
77;50;71;66
161;55;214;282
147;142;207;8
68;209;57;3
28;47;202;207
296;54;249;45
104;161;194;173
62;186;254;232
194;146;137;185
167;74;200;170
86;123;277;275
137;185;45;133
174;103;120;114
72;66;281;122
7;300;11;101
92;180;119;189
92;290;198;55
197;59;14;13
186;277;108;37
290;297;197;222
211;102;193;105
211;203;210;165
266;217;135;135
133;161;83;197
121;275;157;113
124;226;62;119
121;30;138;14
213;285;97;37
230;106;101;35
2;184;53;1
10;250;261;194
189;188;136;264
256;103;43;100
220;169;22;163
60;251;87;269
231;88;275;23
261;299;157;273
41;289;279;265
279;10;32;27
26;175;224;236
193;160;245;300
20;14;127;109
132;281;30;68
100;35;55;260
13;297;252;105
148;1;11;63
14;22;241;217
86;77;222;278
83;56;281;292
279;292;188;233
83;261;209;245
218;14;93;276
174;143;265;50
115;265;297;237
42;15;20;72
169;267;47;159
142;259;205;122
225;37;294;170
116;292;65;77
277;210;174;119
118;165;207;300
80;12;34;33
177;143;48;207
106;270;128;137
165;133;86;28
220;74;37;172
18;71;176;196
160;253;45;240
173;274;268;132
227;209;169;118
32;239;32;261
9;99;155;228
194;128;21;130
59;61;11;204
260;188;241;109
114;267;13;94
277;7;89;85
123;31;207;203
91;103;134;184
37;163;131;52
213;54;164;300
281;29;206;187
291;260;267;140
185;58;22;130
47;116;82;260
273;151;70;53
149;103;166;155
177;239;104;6
68;113;65;219
240;174;175;150
114;36;52;267
141;126;164;205
23;72;154;253
196;82;8;262
58;202;49;187
55;291;5;240
265;180;65;100
192;238;251;110
209;62;175;225
38;22;169;269
181;67;179;133
220;93;212;225
273;235;160;120
276;208;245;102
98;140;240;88
44;255;36;18
131;93;194;228
269;186;282;108
128;294;296;188
158;128;193;152
85;129;256;270
188;274;178;48
141;144;96;83
266;63;119;209
293;207;289;156
160;63;192;102
288;109;171;102
46;124;94;179
12;136;5;204
103;168;93;93
0;130;226;123
80;123;296;214
146;145;279;106
212;156;9;29
40;172;193;83
145;46;121;142
74;134;166;96
40;35;171;10
259;226;256;151
293;112;219;1
57;227;67;133
275;129;170;57
74;297;184;287
118;298;14;91
204;84;245;175
98;292;123;95
292;52;43;186
273;181;47;282
61;108;146;204
46;198;264;65
120;34;19;202
26;207;100;282
77;125;164;69
209;29;297;186
234;74;281;52
279;57;264;0
177;177;211;124
272;34;64;250
180;7;274;80
178;17;148;20
250;228;112;39
106;171;85;137
26;15;202;116
259;280;49;223
120;18;157;52
231;253;269;67
204;271;207;238
146;271;169;284
135;229;161;164
160;232;39;243
15;18;118;237
267;180;66;256
241;81;175;210
194;138;143;35
260;248;181;72
196;274;41;131
129;239;45;293
157;264;0;115
38;268;197;99
185;222;188;111
172;187;289;165
154;87;213;300
60;200;178;149
228;228;273;81
181;99;10;32
178;6;6;297
289;128;89;100
56;139;124;30
253;238;45;196
119;280;90;125
260;64;227;58
103;273;92;106
224;21;106;1
262;149;20;262
34;285;68;159
63;128;1;234
211;134;140;150
228;281;269;6
276;161;130;34
37;182;287;184
14;101;113;177
277;250;173;149
211;257;116;158
295;96;193;123
85;285;112;278
59;40;243;46
236;268;258;210
212;111;60;136
32;43;173;250
175;189;260;149
35;202;90;30
111;280;294;99
213;61;296;41
238;158;27;32
54;50;299;123
100;74;83;49
69;289;84;206
239;207;117;131
56;91;193;241
191;148;235;91
55;123;128;260
58;178;86;109
150;170;180;210
24;122;135;253
269;159;184;82
14;65;5;94
225;27;192;32
56;18;245;35
166;111;1;111
225;28;17;141
132;263;197;288
183;143;108;207
1;159;4;184
35;196;225;162
190;237;1;112
187;177;28;140
150;43;263;45
2;134;195;147
201;233;273;188
89;46;229;207
191;258;279;207
30;253;10;29
29;86;189;88
149;257;226;99
278;178;32;276
286;108;221;131
265;222;290;197
267;277;68;120
207;299;244;184
177;105;6;189
165;173;17;221
99;220;187;75
6;144;245;202
287;155;101;280
169;35;97;209
8;223;48;215
173;295;164;197
1;268;59;197
246;20;134;80
73;252;113;139
31;54;239;142
268;194;10;188
132;151;206;21
235;25;261;288
134;114;84;73
202;283;54;105
159;68;164;223
156;288;203;60
81;181;215;52
215;187;283;170
195;90;56;40
159;286;218;282
80;180;76;55
256;140;281;289
196;44;110;71
70;146;177;75
138;197;126;37
163;44;9;100
223;247;223;180
213;74;127;120
108;123;5;95
53;200;199;141
196;267;132;241
295;103;143;150
52;295;83;257
123;244;244;244
123;198;8;167
34;151;270;227
277;296;251;10
254;241;66;75
81;178;56;65
155;57;13;61
250;290;184;96
153;33;214;241
114;142;42;146
52;74;183;92
213;247;178;188
200;127;121;281
178;6;231;246
203;14;163;2
226;108;42;229
128;162;118;288
210;31;242;260
106;62;163;82
148;66;294;11
146;108;7;161
88;205;275;151
123;206;223;86
174;161;280;29
44;290;107;161
294;24;53;253
102;198;35;146
211;280;254;35
67;255;240;94
47;165;264;39
296;261;142;218
34;226;40;84
257;212;28;127
23;295;34;62
256;18;20;213
268;140;300;218
249;69;210;85
139;186;25;62
231;170;25;187
197;215;188;245
258;117;55;186
187;161;290;207
162;29;23;263
172;76;220;45
159;167;225;57
115;128;107;262
285;92;63;119
178;288;203;256
101;264;8;64
281;37;27;70
198;283;78;170
88;146;110;291
181;18;68;61
228;32;281;216
166;79;284;250
237;82;26;59
272;46;55;283
17;22;14;180
277;106;297;40
94;224;147;294
221;9;93;60
184;236;51;78
268;300;153;161
162;112;29;204
55;192;292;81
148;135;169;30
271;165;9;154
132;131;212;300
252;18;268;227
244;272;177;211
193;158;151;6
205;47;20;198
11;213;84;151
185;197;116;51
87;260;109;288
206;58;199;58
263;204;79;3
7;81;231;102
207;272;147;57
221;272;200;294
64;94;231;149
194;58;26;231
171;17;49;56
90;61;65;234
139;176;18;193
64;273;277;202
131;37;90;120
34;226;272;107
204;191;247;227
44;234;254;230
199;46;210;200
212;187;40;237
272;253;239;129
255;5;98;257
206;274;220;206
191;163;249;292
47;223;191;276
261;6;19;138
230;186;148;125
154;97;267;196
196;1;214;104
122;111;135;280
79;143;53;58
282;34;292;196
70;148;76;13
260;83;223;34
103;38;84;225
258;62;178;116
118;88;248;16
245;67;80;27
139;99;89;221
66;271;132;10
262;237;42;97
131;22;14;131
173;218;222;177
185;185;71;71
184;281;136;250
126;273;49;271
195;34;4;210
2;245;73;298
68;147;186;172
189;163;24;63
223;269;20;248
181;180;152;51
50;205;283;97
19;189;65;75
163;2;40;283
7;82;11;216
74;214;258;294
241;115;84;79
3;22;3;3
153;289;214;39
188;226;151;202
11;268;266;255
216;137;135;93
176;218;233;49
12;133;241;272
290;133;111;33
76;169;282;217
110;223;292;124
61;160;78;68
156;169;154;186
83;39;113;72
262;77;133;127
132;89;176;78
274;79;45;135
15;141;56;57
71;138;38;234
130;130;16;100
185;37;105;246
17;288;5;37
148;238;87;126
35;41;300;70
59;106;90;126
279;255;94;172
200;21;195;60
50;44;90;72
47;264;118;28
78;52;142;187
187;46;89;23
16;245;288;179
155;167;173;11
240;213;1;300
283;12;71;122
263;112;149;24
207;229;9;87
9;192;141;171
162;254;130;205
61;262;275;51
299;154;257;112
249;183;213;176
107;31;37;77
192;256;98;204
222;199;11;112
25;182;72;79
239;286;66;204
52;184;177;229
287;128;139;91
151;240;217;261
155;168;277;39
137;97;196;30
244;76;146;100
154;10;220;230
96;143;196;248
259;232;49;203
143;52;146;79
25;109;203;259
103;81;1;65
118;60;245;164
268;125;34;197
77;214;81;163
245;245;97;232
168;102;242;193
31;203;156;173
129;217;300;272
294;145;221;164
70;185;32;200
176;118;88;213
141;53;21;235
20;165;83;139
212;146;184;69
234;156;297;118
241;209;42;183
251;212;103;180
7;238;136;279
5;142;203;276
266;122;133;6
166;291;125;219
14;58;113;276
129;279;193;67
230;262;48;16
81;235;230;270
57;196;217;288
285;159;175;122
155;96;238;89
205;152;50;64
150;258;184;88
149;293;12;167
271;159;122;34
262;245;268;16
276;64;224;68
122;24;31;111
10;144;10;10
137;104;14;141
45;14;151;120
191;132;140;191
189;85;293;53
108;32;48;96
161;153;21;161
128;198;60;38
16;101;190;37
247;244;81;177
169;286;118;212
213;267;119;185
227;273;79;274
270;18;64;268
40;237;272;20
205;277;86;91
28;246;247;9
176;63;18;110
218;204;131;43
219;242;270;187
49;252;105;181
282;156;3;257
38;253;245;28
169;145;35;27
98;233;53;188
16;16;84;126
0;247;295;152
98;0;51;235
6;288;235;268
172;183;287;99
168;53;162;220
72;70;45;152
154;3;64;83
139;215;188;26
18;243;210;7
104;241;230;146
232;119;289;48
233;128;62;194
79;126;240;109
3;25;124;139
123;76;9;252
38;142;143;197
205;260;237;246
46;45;166;2
44;28;244;98
127;45;2;164
267;36;165;1
185;15;145;20
116;272;162;173
184;284;230;69
59;62;111;7
196;292;141;170
281;247;174;240
186;169;257;99
38;15;196;93
197;114;36;97
256;106;207;106
147;147;217;121
52;143;116;227
264;252;145;34
57;168;153;272
92;199;202;32
219;42;207;181
290;289;163;224
194;134;147;236
59;92;288;2
47;281;46;127
184;25;137;148
229;98;14;251
42;263;283;136
170;11;17;250
291;38;182;275
130;30;230;174
87;182;35;278
146;260;78;291
178;282;89;66
66;299;261;238
66;249;194;267
231;13;260;232
30;30;103;13
166;94;83;251
272;43;89;38
247;120;87;287
124;223;297;165
147;218;127;231
90;21;95;192
92;294;193;158
236;30;264;245
295;80;169;209
91;203;2;280
80;4;61;55
250;76;271;84
1;142;121;232
82;73;70;16
71;62;259;158
213;61;150;166
167;254;34;255
276;200;123;79
212;284;172;39
91;108;88;241
269;99;72;196
214;4;4;205
187;123;25;242
142;78;109;99
292;53;204;185
104;31;240;170
77;121;102;224
247;185;102;244
95;227;237;291
146;241;237;276
204;24;126;147
204;48;288;227
187;9;238;104
281;86;263;43
126;39;117;252
178;271;216;174
209;15;291;276
23;33;47;51
39;195;65;92
99;10;138;13
297;168;195;234
255;116;83;183
291;237;29;3
70;32;44;77
268;196;275;254
104;42;143;236
175;247;285;280
55;134;14;276
28;85;265;10
14;90;216;209
26;189;166;40
290;32;216;115
236;200;53;87
191;243;146;130
75;172;0;166
127;58;162;26
14;85;225;191
255;137;203;181
77;162;186;186
89;152;293;260
98;225;255;63
215;21;74;182
177;160;227;17
134;40;48;165
24;96;50;24
158;152;279;187
194;261;252;214
48;218;44;33
23;242;122;176
62;183;183;222
132;76;271;81
92;192;125;134
71;240;210;289
27;234;121;123
109;86;222;213
272;9;254;221
141;256;66;227
246;265;276;226
147;169;286;92
120;83;183;167
37;92;285;169
98;51;201;236
73;231;71;52
240;188;191;54
151;57;119;201
206;213;124;117
178;109;214;102
230;253;193;102
292;282;54;198
67;133;218;8
12;115;71;223
256;293;61;63
246;76;246;161
275;53;256;17
66;180;92;205
277;131;192;194
237;229;55;97
169;117;179;132
105;84;148;263
119;234;112;85
0;223;54;34
176;300;45;263
111;273;275;191
253;201;51;242
20;182;247;97
73;201;212;202
95;289;33;72
115;183;289;197
106;159;161;239
8;253;6;199
98;40;168;261
9;76;283;275
244;132;262;273
184;66;98;228
155;157;154;126
151;156;274;232
79;68;294;163
274;50;50;190
159;274;207;221
254;252;83;71
250;142;259;30
146;300;13;274
222;31;52;8
132;149;230;124
20;156;64;186
192;39;258;7
261;234;113;300
255;79;287;64
215;132;209;181
134;82;294;137
124;15;148;120
35;49;202;92
77;157;187;288
198;51;221;258
200;13;95;167
154;63;110;71
286;198;269;80
71;77;34;155
88;120;202;116
69;266;197;18
199;135;273;246
286;290;211;169
209;293;221;154
154;193;92;257
161;90;10;0
289;22;282;255
179;124;178;258
254;172;19;87
233;180;164;297
50;104;297;23
99;56;165;51
28;242;125;273
119;237;11;136
211;211;200;127
257;147;192;215
274;132;22;22
105;104;257;261
203;165;72;197
85;104;82;116
161;138;41;100
201;121;183;122
214;276;120;127
6;165;203;3
58;285;132;164
244;77;64;105
221;172;201;195
238;118;114;178
155;167;126;55
169;83;2;5
176;252;205;3
119;148;103;220
236;185;239;238
256;119;233;172
118;216;54;176
8;152;105;155
239;230;292;61
26;69;175;106
299;150;62;158
73;130;210;115
283;76;19;198
272;247;105;9
178;233;25;219
163;192;288;287
8;135;26;185
77;176;50;106
288;58;195;272
296;242;16;95
45;207;54;264
266;34;79;20
146;26;258;234
191;88;149;11
27;80;87;141
82;30;255;109
228;246;193;76
202;182;66;207
108;231;24;216
102;161;215;28
44;76;239;223
295;234;24;205
212;213;296;219
133;219;129;117
119;215;19;67
30;109;198;161
74;197;23;262
125;259;247;174
157;209;164;24
102;25;175;79
263;290;20;60
241;277;74;268
185;106;218;64
168;36;134;212
106;41;194;163
164;92;156;255
65;230;297;232
198;192;11;236
217;32;217;161
275;229;254;251
232;15;275;192
125;259;74;98
192;24;99;279
274;18;195;116
107;120;37;111
185;57;69;238
83;91;54;285
83;24;290;237
205;206;224;135
256;11;147;50
16;287;18;45
83;150;171;22
212;242;289;217
201;80;195;222
61;243;70;70
228;240;20;282
203;96;28;75
229;282;184;223
123;265;65;300
4;59;22;275
113;158;293;31
201;262;210;136
247;13;257;12
197;106;120;261
39;160;175;113
255;195;156;247
234;294;158;243
268;293;98;124
103;160;254;255
7;200;71;0
269;18;74;36
165;74;145;270
119;35;77;173
247;300;22;31
244;26;82;77
48;169;210;234
94;255;90;149
207;68;220;297
32;139;36;282
249;83;244;171
78;151;110;19
55;15;14;271
107;185;144;10
161;235;139;60
141;257;39;271
179;294;193;242
76;221;183;16
143;159;253;264
59;291;92;245
157;295;76;292
175;162;269;31
170;274;14;247
21;118;102;37
265;278;92;38
173;2;223;226
211;142;163;264
290;18;265;176
180;108;245;141
265;248;214;46
256;241;83;296
154;54;8;215
153;131;122;291
126;14;71;134
195;162;280;155
155;251;177;233
199;89;136;239
297;211;110;31
149;288;96;146
141;68;5;34
107;204;280;180
292;265;273;37
22;233;42;262
36;291;28;109
203;196;69;124
92;264;131;52
262;192;138;81
1;214;288;146
150;255;199;238
92;40;91;234
235;29;140;75
183;151;146;122
58;200;162;184
88;71;180;67
168;247;115;241
47;37;98;52
43;239;267;122
155;81;176;143
282;295;184;129
25;35;274;185
11;95;234;58
175;82;161;154
128;241;19;282
252;147;281;7
222;56;224;95
125;91;183;20
271;146;114;99
263;154;118;204
2;148;135;101
270;127;54;100
188;159;7;138
75;188;119;79
221;146;260;162
292;27;240;84
233;201;124;206
28;142;255;55
43;25;120;198
270;241;19;1
271;170;41;262
148;123;122;140
30;207;26;97
50;260;68;21
243;254;95;130
246;144;153;29
282;189;270;87
292;77;173;78
118;263;280;100
107;96;204;198
263;90;200;58
38;121;240;275
43;257;241;92
250;118;109;118
50;23;107;235
35;108;132;289
271;225;206;156
165;122;277;134
284;102;177;34
265;220;49;161
298;68;253;232
50;162;269;135
48;49;148;223
77;52;162;79
281;299;299;290
18;246;205;102
276;197;33;89
71;128;267;147
55;59;172;102
6;282;54;198
84;16;168;231
210;5;35;145
227;59;284;237
77;128;213;170
290;15;173;131
283;291;162;83
236;40;61;5
122;275;158;243
65;40;211;265
157;8;138;262
0;140;245;71
236;3;141;269
172;225;258;107
287;211;212;38
16;107;34;234
129;240;105;143
152;235;196;210
220;222;282;82
12;167;189;118
2;4;223;51
37;140;14;142
293;198;154;282
300;263;93;96
219;211;69;283
94;273;261;89
196;31;53;244
110;178;183;135
278;247;132;149
270;27;109;196
217;221;235;19
244;220;95;87
78;167;132;188
154;75;97;244
53;10;122;143
131;133;210;157
67;255;211;21
255;246;159;3
97;141;255;138
169;126;261;217
39;178;174;270
246;233;74;59
300;15;164;265
253;138;191;148
104;263;110;6
22;163;203;76
252;300;267;209
297;124;246;48
253;80;158;107
171;282;132;70
169;148;32;101
272;152;253;193
274;51;296;108
16;110;171;43
39;283;103;282
292;73;15;244
196;99;96;282
262;225;270;199
69;83;94;79
162;63;110;290
283;30;130;84
124;238;286;167
68;150;48;76
43;115;218;195
73;238;86;39
21;180;122;204
91;17;63;247
101;159;97;264
254;192;188;242
73;42;260;235
25;271;165;93
60;236;279;280
264;289;153;289
238;247;99;211
6;189;269;158
266;44;269;93
169;261;80;76
270;236;185;11
22;256;61;164
242;152;21;298
211;41;295;289
297;122;46;96
150;121;69;60
282;295;117;4
238;195;210;205
55;55;263;251
70;77;240;101
142;171;193;112
2;18;10;123
217;38;159;186
130;246;170;153
141;89;293;182
180;116;288;161
90;50;19;16
106;291;275;84
243;292;75;30
282;183;251;21
251;69;85;124
211;200;67;281
280;156;3;270
9;29;211;195
246;84;279;131
229;183;238;297
1;22;131;105
267;286;256;38
178;224;32;62
245;257;245;229
86;69;43;117
40;245;226;7
48;12;155;129
262;13;279;206
120;44;84;213
249;270;297;211
16;178;238;287
271;205;162;114
226;299;69;132
128;49;57;41
184;179;152;282
214;64;77;271
21;279;220;112
103;22;197;163
40;198;62;267
4;30;72;140
196;293;0;187
206;179;15;188
53;260;2;159
79;97;123;164
9;83;78;248
19;148;223;176
65;236;140;235
215;170;136;137
266;161;205;86
56;102;79;116
187;267;222;4
248;25;193;206
78;182;173;297
266;246;281;111
78;103;109;87
204;30;180;143
48;46;280;133
212;71;213;53
223;131;91;60
114;81;218;109
300;234;17;139
235;193;57;5
157;131;243;139
193;248;181;166
37;65;101;251
277;111;189;191
213;206;189;300
192;51;196;167
110;42;166;5
60;120;205;188
258;66;124;272
37;21;14;295
263;14;68;99
291;150;259;139
283;239;26;164
27;278;87;55
205;203;266;109
216;106;271;63
214;69;158;152
199;241;59;109
68;93;112;205
217;146;49;203
285;4;250;190
48;260;239;62
36;92;92;37
0;26;90;281
97;274;180;180
231;22;74;73
55;26;122;51
98;245;141;220
118;14;70;151
221;180;287;80
243;132;153;185
103;84;234;282
28;57;57;62
210;83;184;56
132;295;51;154
9;183;140;14
121;24;261;170
145;3;36;295
10;248;138;78
179;170;53;192
288;278;16;34
148;223;94;37
107;128;40;286
97;137;144;227
143;176;66;91
207;66;175;108
33;47;166;287
274;0;258;66
39;68;44;171
182;269;192;207
140;3;118;93
1;280;251;53
202;256;174;148
145;91;58;51
177;226;69;14
258;55;294;157
126;254;265;129
207;296;92;31
45;260;52;219
209;21;174;293
124;69;258;24
164;12;294;177
174;200;183;295
44;137;66;255
139;65;258;132
155;125;131;58
24;153;240;288
194;81;49;109
119;162;289;240
114;54;94;153
250;269;32;65
56;130;160;190
57;68;269;246
101;299;109;56
248;251;119;99
103;230;86;106
233;140;119;273
6;278;266;255
169;117;149;139
23;216;68;115
160;276;56;4
130;63;176;131
266;29;253;105
101;132;144;208
99;258;210;175
15;222;268;97
130;49;144;184
287;232;103;231
43;244;262;171
156;295;251;198
120;149;203;288
66;167;188;119
220;228;171;161
210;191;269;46
56;228;293;38
97;270;77;72
119;84;214;243
4;8;215;72
226;132;150;97
264;267;217;69
115;157;105;16
31;10;12;60
205;73;108;282
33;187;213;50
284;247;137;139
0;271;124;183
230;79;14;221
89;244;67;233
188;222;168;17
231;265;116;196
131;153;127;9
268;207;168;45
271;77;122;192
95;291;1;4
266;68;30;180
69;106;98;282
112;86;75;17
148;224;3;130
256;15;31;94
277;1;227;277
185;188;171;294
299;289;83;57
209;296;225;67
81;252;135;179
176;67;252;271
226;2;261;116
262;42;89;99
87;236;274;238
170;84;123;7
232;21;170;21
222;296;191;186
52;259;201;229
199;281;2;102
204;131;169;8
222;26;62;68
255;264;8;234
127;25;241;190
249;154;192;153
117;3;147;196
276;141;24;53
35;138;180;54
68;92;168;142
34;149;174;119
22;285;269;145
203;134;172;176
238;111;241;50
161;95;138;229
89;279;49;48
232;106;104;161
225;252;62;262
150;105;228;75
225;52;28;192
76;131;179;132
39;76;273;254
10;248;126;16
117;209;154;136
43;113;12;149
62;261;127;122
107;63;123;270
34;300;163;18
66;22;170;285
105;259;227;294
288;197;41;297
123;264;199;294
120;252;149;103
12;27;7;171
111;76;146;260
86;146;229;132
284;26;239;204
61;145;30;48
204;145;165;287
152;190;25;289
131;93;179;226
3;300;153;88
242;234;285;89
216;284;156;298
108;11;237;108
219;35;219;152
156;246;35;230
129;140;67;8
253;119;140;272
0;267;16;68
197;293;151;232
117;208;64;67
128;94;57;196
81;51;180;169
291;299;133;36
67;154;89;220
69;137;43;102
246;269;279;288
192;296;92;288
216;168;186;38
26;70;122;139
63;40;71;148
111;284;19;167
267;128;288;100
65;29;29;186
80;112;63;284
182;161;269;192
128;288;7;16
221;221;93;268
296;94;98;208
169;286;166;40
145;10;45;111
168;191;77;204
45;103;270;167
121;34;137;143
13;230;227;296
221;275;28;118
124;249;140;177
299;110;273;88
295;84;50;146
191;87;279;219
277;160;192;177
74;26;283;11
247;232;170;298
54;192;34;22
213;270;218;154
207;228;227;52
285;142;176;154
227;231;287;38
103;167;221;48
180;88;188;202
67;132;2;272
102;54;250;175
238;103;28;39
183;177;211;256
36;277;104;84
110;160;214;188
190;36;242;219
263;103;147;285
260;113;239;43
275;224;118;135
115;32;238;136
164;133;256;298
218;203;13;204
131;158;147;240
268;244;262;27
188;135;4;161
173;297;4;2
182;115;274;182
101;196;49;153
213;285;270;9
87;292;29;53
271;76;203;199
155;54;41;113
116;103;289;295
29;87;143;121
185;145;107;194
264;46;190;299
271;282;54;150
175;245;69;227
77;17;276;47
300;108;44;21
237;93;259;100
84;246;16;151
219;53;246;216
258;47;173;24
71;80;116;158
148;83;253;295
208;207;289;117
29;51;91;108
263;91;28;99
136;286;117;267
32;276;293;175
162;149;89;210
255;76;167;219
297;89;97;184
208;123;199;158
135;103;181;187
136;70;179;190
218;10;215;15
76;69;165;107
180;272;128;102
112;38;28;14
198;111;171;81
85;75;196;96
103;284;74;25
172;40;132;99
187;69;89;201
98;63;149;152
155;206;155;140
36;14;253;281
141;191;143;78
97;265;143;141
231;112;291;190
94;101;262;99
291;15;243;81
241;159;292;90
98;171;146;78
194;298;219;18
8;99;237;34
211;21;102;149
157;208;270;58
132;5;290;214
37;2;210;250
297;72;203;61
25;292;202;247
19;264;76;268
299;99;121;183
120;137;134;233
277;297;124;38
19;139;253;104
73;106;222;294
207;195;221;212
63;255;96;55
224;283;136;153
62;132;202;244
253;129;128;14
63;164;36;51
58;25;214;82
48;56;19;53
0;44;3;169
253;137;278;119
285;236;137;99
7;146;57;81
25;178;275;255
8;125;76;52
253;92;251;56
4;31;45;20
213;70;149;117
8;215;104;164
95;265;255;247
49;210;299;228
129;57;22;28
2;231;139;282
260;85;207;216
240;35;28;107
198;300;100;183
247;148;200;206
186;238;30;21
123;242;51;51
66;283;292;221
251;256;163;109
243;95;27;254
40;226;257;269
46;269;89;45
247;248;71;102
258;281;266;161
50;207;248;152
254;296;115;98
210;289;228;258
24;293;226;197
51;205;258;258
201;204;220;174
277;241;235;54
217;278;82;110
209;167;97;272
2;288;300;255
63;54;12;74
134;98;117;79
283;179;60;268
163;153;289;33
215;33;124;200
160;55;176;195
279;238;6;209
293;54;95;31
194;58;198;271
5;0;49;78
136;227;58;296
122;114;112;264
199;239;84;85
178;206;84;217
124;69;219;70
215;150;243;249
207;57;54;161
230;168;171;160
176;41;274;164
129;120;265;281
61;160;160;176
240;113;15;174
126;168;99;207
164;146;233;175
179;221;160;188
159;172;168;180
267;271;88;176
206;42;164;281
170;47;183;234
240;186;197;127
54;121;262;63
218;240;269;73
173;56;116;10
137;189;170;288
235;178;176;264
257;262;271;30
51;43;262;251
56;184;276;55
234;124;21;102
10;175;100;84
190;233;287;229
229;155;198;257
210;170;262;86
268;111;196;152
10;18;278;289
182;192;8;214
267;70;159;256
201;219;262;165
120;151;4;217
65;167;245;260
156;147;70;101
117;234;180;277
70;13;147;144
157;127;119;47
72;144;121;238
119;213;138;44
164;266;7;113
135;132;189;87
155;14;64;230
144;94;240;163
41;237;143;220
89;71;286;72
155;31;155;142
119;134;29;213
181;214;273;53
197;184;253;109
266;228;129;1
184;173;74;21
98;56;112;252
279;279;124;239
88;5;272;89
273;137;52;6
28;272;285;197
191;211;274;96
225;56;179;288
157;254;100;198
161;183;167;120
237;56;70;159
262;108;2;113
191;179;44;282
157;104;195;65
4;297;32;167
103;169;74;210
180;136;8;236
194;150;22;104
273;16;124;70
4;177;24;28
247;86;16;242
226;130;4;89
16;83;249;113
64;281;5;269
243;34;282;29
259;12;80;28
121;163;216;128
68;86;269;148
90;83;224;101
285;161;74;23
160;47;134;178
236;293;210;117
51;30;202;297
11;257;181;276
222;125;238;43
205;182;14;63
277;213;83;129
25;265;63;173
156;288;180;74
150;216;293;86
198;161;286;144
126;141;15;74
166;293;84;73
277;141;269;295
272;123;157;198
294;196;271;157
157;16;52;79
296;277;176;268
18;226;10;228
126;52;138;267
258;238;1;261
231;74;90;164
169;208;73;165
253;261;225;66
134;204;273;170
52;238;35;267
200;4;107;5
164;83;87;112
259;9;142;123
139;256;68;129
67;125;272;135
184;254;187;45
95;175;290;12
4;115;95;65
288;275;251;263
247;207;171;159
170;228;54;164
297;78;56;296
180;277;196;217
62;246;267;10
12;218;281;208
139;275;74;1
260;209;22;189
64;226;223;212
257;226;190;162
164;219;89;275
85;56;248;140
131;285;214;152
281;115;264;240
106;75;291;15
175;264;292;49
148;151;209;141
280;78;116;238
288;145;242;188
61;184;38;159
278;2;228;241
30;113;146;206
52;204;19;177
285;117;58;139
150;161;160;206
126;17;118;205
212;173;161;79
297;46;192;1
172;68;93;191
171;181;181;93
152;3;204;167
216;262;64;111
84;81;88;178
261;270;188;228
168;10;185;198
255;55;172;199
173;295;261;117
297;174;160;183
133;185;145;57
149;8;245;50
154;110;96;28
95;100;258;217
211;23;28;223
161;284;82;246
196;149;249;263
267;132;285;118
152;287;120;245
162;253;97;197
61;179;79;171
47;13;146;250
37;110;271;165
27;93;39;219
159;43;257;208
78;294;48;172
249;242;69;144
250;21;278;157
158;227;180;151
269;110;275;61
74;102;253;268
249;283;221;300
193;49;274;287
147;267;7;73
4;114;27;24
214;212;36;86
298;150;132;14
96;133;0;221
181;289;196;297
236;113;242;88
31;291;18;190
101;164;226;79
203;263;289;201
101;209;252;280
193;248;289;267
147;244;48;248
0;146;198;149
238;147;38;151
174;185;33;95
299;153;20;232
16;2;204;74
97;300;55;174
145;72;297;49
131;118;66;285
217;160;20;42
4;37;133;155
197;128;28;160
296;121;17;261
15;228;75;90
259;175;120;245
82;7;35;262
216;17;166;110
168;285;211;139
174;105;51;7
296;9;129;0
153;146;164;22
202;206;171;46
268;138;239;14
106;27;204;41
87;114;34;97
98;48;166;133
54;145;38;184
109;299;180;282
205;285;219;30
27;95;241;38
19;290;120;12
216;193;50;276
146;185;187;198
44;95;214;164
294;214;86;90
244;216;170;4
206;116;239;231
84;84;134;177
43;124;54;268
140;78;294;189
198;100;87;151
46;152;114;209
16;266;220;112
202;179;63;30
70;172;90;1
160;261;92;13
189;173;276;179
42;114;36;35
95;36;189;20
223;219;0;179
166;144;137;267
94;144;142;148
181;29;247;122
207;62;253;286
234;282;15;12
282;16;101;265
176;57;190;71
228;12;52;183
67;5;155;134
154;254;110;63
185;51;241;40
201;60;207;246
103;207;95;83
243;100;92;221
283;104;44;75
96;244;128;37
227;101;192;300
244;59;28;39
243;52;189;56
110;192;110;177
64;211;13;97
170;81;257;297
86;200;100;16
223;152;204;218
81;292;129;167
78;213;137;272
260;255;163;239
246;296;211;24
235;198;77;150
237;229;38;234
52;250;183;162
153;130;86;276
276;213;98;150
132;270;269;54
29;192;184;191
232;147;168;110
251;116;205;59
21;174;261;289
99;243;151;188
178;288;46;82
281;171;69;155
153;186;90;73
124;96;4;191
261;116;70;271
173;58;101;255
86;4;41;116
41;8;60;244
262;230;292;168
185;34;297;179
245;175;250;249
85;253;151;116
220;218;133;179
88;134;210;79
275;290;121;76
77;159;158;230
175;109;197;197
139;219;80;99
160;237;237;142
283;24;44;39
264;297;270;19
152;193;268;263
234;19;48;292
287;130;101;143
260;38;99;154
223;175;32;281
248;83;299;63
193;90;227;222
10;60;153;11
123;8;8;93
1;244;52;175
65;100;266;29
191;142;103;16
63;286;83;129
137;205;223;85
278;115;285;36
292;198;133;177
288;84;242;7
231;133;148;184
200;175;180;137
41;229;42;280
227;113;21;67
31;240;51;268
51;86;44;265
94;229;188;136
86;217;164;234
65;105;43;188
146;128;208;222
41;243;105;227
147;74;289;61
177;265;242;131
157;13;244;143
3;31;196;252
140;227;148;199
261;94;121;90
281;202;169;232
224;290;276;41
273;77;188;43
277;219;223;71
72;251;83;146
247;101;202;209
57;292;39;147
275;78;34;181
44;133;273;266
273;109;21;220
1;201;172;168
25;214;169;138
274;147;95;167
254;61;209;94
72;128;105;30
191;103;217;183
135;267;255;102
141;58;21;199
247;174;50;266
0;284;254;137
26;193;205;295
139;266;106;15
115;216;278;214
223;8;109;267
81;33;68;132
9;54;239;85
145;108;193;5
294;140;87;158
213;75;295;187
145;137;255;15
57;59;208;271
267;139;257;205
227;196;51;210
237;25;55;97
120;221;233;197
177;197;53;105
268;62;1;181
102;55;8;189
31;241;274;263
197;247;281;89
99;16;66;158
292;171;261;234
47;251;85;40
27;7;160;250
146;250;127;43
6;203;70;140
258;255;82;296
150;230;107;219
258;176;261;248
75;270;33;14
224;264;289;168
234;0;80;178
82;98;144;180
197;166;106;213
77;253;113;7
167;271;238;62
131;222;84;175
210;45;3;115
6;194;201;230
187;249;84;246
83;172;1;82
222;242;17;66
239;43;29;175
153;55;198;212
287;99;230;105
223;176;81;194
260;172;25;129
264;153;10;38
10;265;95;236
177;293;106;125
285;16;219;30
125;66;144;184
227;256;244;177
276;60;296;122
112;100;75;14
95;85;237;149
43;95;103;165
176;155;226;45
253;210;88;67
101;283;259;240
169;27;263;207
89;244;59;32
173;286;272;73
79;181;149;247
78;222;188;191
109;65;144;8
54;170;230;291
151;287;199;286
225;59;255;116
219;90;186;250
70;266;21;155
118;2;7;25
79;96;25;92
69;111;169;59
163;222;192;0
230;183;118;177
123;18;30;214
218;207;135;84
19;292;188;35
90;4;226;87
99;124;259;228
174;91;254;32
235;112;107;183
118;191;35;63
285;147;205;16
274;112;30;239
50;124;191;7
170;96;214;1
52;108;268;133
73;36;9;170
224;78;34;66
184;175;88;282
78;262;262;242
178;111;24;122
271;272;129;45
176;281;179;49
249;115;108;273
173;3;291;87
13;281;232;52
31;278;85;296
276;30;207;148
109;201;152;108
94;106;86;261
32;38;75;20
129;31;109;105
196;7;38;197
80;193;147;68
56;183;34;188
269;71;66;6
220;274;261;34
261;3;263;41
130;132;251;165
168;288;184;216
10;266;77;100
232;237;135;284
60;276;12;127
259;113;41;245
194;208;68;48
15;294;252;227
158;96;100;98
259;19;201;139
173;66;196;49
291;65;88;4
146;9;85;163
19;10;113;6
151;133;29;202
29;172;77;203
213;16;298;232
20;222;162;220
2;204;77;262
67;118;230;253
62;45;215;239
275;87;120;291
87;190;263;54
268;210;41;218
78;88;287;248
87;107;80;182
84;144;173;226
71;47;73;114
189;42;229;91
82;245;63;79
156;258;54;123
270;132;288;11
86;157;289;210
238;269;77;90
188;186;175;77
154;277;184;20
254;4;234;36
73;79;136;45
200;133;99;218
94;189;222;157
178;235;245;185
128;129;110;289
86;98;293;179
195;130;245;282
210;111;119;190
186;199;276;73
165;16;256;90
299;25;117;105
214;251;256;38
237;234;179;113
273;27;185;81
156;137;283;229
146;173;68;41
298;14;159;282
101;136;47;87
162;119;281;17
267;12;286;144
17;92;222;58
151;201;65;187
153;152;83;276
272;87;234;159
221;201;205;23
4;153;214;186
160;211;10;256
227;279;65;233
46;266;92;294
46;201;216;122
167;245;82;190
98;170;144;19
36;247;230;185
49;256;154;79
128;257;171;269
156;257;60;277
98;26;35;75
24;58;190;50
203;137;136;252
291;47;144;283
200;268;224;225
67;200;19;198
200;177;287;247
11;259;102;69
187;71;10;52
151;73;175;100
270;45;261;250
209;148;195;271
241;193;150;238
300;4;17;12
165;105;210;144
85;229;46;261
143;128;103;160
161;0;27;194
109;8;280;277
111;157;34;217
286;34;117;300
137;104;242;132
3;182;136;82
182;21;131;76
228;46;29;102
199;109;142;114
128;231;195;217
2;115;39;111
188;270;60;33
82;157;21;201
165;79;179;154
146;88;55;241
203;32;82;71
211;260;117;161
71;300;245;220
195;240;17;283
17;123;68;86
259;115;145;118
204;160;191;23
80;38;60;34
138;24;261;9
68;114;151;275
40;25;26;227
83;41;91;297
252;118;127;30
52;231;37;263
136;8;86;56
225;70;85;221
73;81;19;273
23;222;186;168
232;243;250;263
191;200;218;55
39;133;85;42
79;48;22;296
267;242;191;292
160;273;21;194
105;20;241;98
258;144;86;289
266;277;9;148
82;54;291;182
27;173;146;138
68;202;291;2
209;254;143;191
77;27;233;267
262;164;18;142
136;159;155;50
46;212;147;129
164;176;60;20
297;251;92;21
45;197;88;156
293;167;26;212
108;298;211;236
213;207;299;9
211;284;202;111
288;270;222;80
9;251;257;254
139;110;2;224
247;191;199;43
235;284;193;275
217;296;6;127
9;185;216;6
38;175;40;248
160;39;267;153
71;9;140;39
66;40;148;158
159;185;232;27
212;76;250;224
279;194;105;146
208;290;46;198
20;139;103;60
116;111;3;292
89;104;217;246
272;191;152;247
119;251;168;181
38;113;266;261
220;213;18;201
192;78;178;143
162;90;47;15
295;42;54;143
0;63;280;75
197;37;46;197
227;145;116;298
299;158;221;5
37;22;201;235
77;108;124;233
18;192;283;39
59;69;84;280
255;142;287;141
152;36;116;17
164;247;199;196
37;211;5;118
59;48;268;122
299;244;211;245
67;192;265;35
78;31;116;76
261;100;186;115
255;210;214;282
134;198;235;16
19;155;168;206
56;55;259;58
33;170;108;259
18;107;117;84
30;94;153;125
110;89;103;85
257;177;72;164
185;119;288;214
118;233;156;259
34;16;226;111
42;137;30;105
193;104;251;38
147;206;173;200
236;269;277;231
162;51;66;66
5;156;181;237
62;46;12;182
91;265;102;125
22;109;295;131
288;173;222;105
167;212;9;214
68;128;214;208
218;86;198;210
33;29;169;15
132;137;6;230
224;151;142;252
148;245;238;297
81;41;240;107
139;293;134;149
76;276;241;105
191;169;16;224
106;171;47;84
186;114;246;90
4;10;110;188
5;249;298;270
82;110;10;272
67;210;256;253
172;115;36;66
18;284;147;167
57;183;223;225
18;176;26;291
76;171;160;256
75;282;49;52
44;202;211;20
226;181;101;226
110;205;95;155
246;96;211;275
297;184;99;19
269;237;200;165
27;208;199;1
211;36;238;129
18;270;81;44
139;44;75;29
13;121;236;17
70;59;241;14
79;192;174;248
181;4;114;242
228;38;131;84
274;134;264;286
281;49;84;296
117;161;201;114
264;8;266;290
128;218;65;204
273;216;72;35
101;120;26;276
44;113;298;269
196;240;116;171
129;127;201;148
275;2;134;240
172;259;259;56
124;202;254;79
120;71;48;201
187;182;219;51
224;9;218;123
215;95;139;205
51;291;92;164
57;192;235;149
46;150;227;19
231;284;125;33
104;281;127;224
38;293;50;176
218;205;106;28
294;232;97;121
177;205;117;210
49;21;103;120
280;94;160;222
66;108;45;120
95;120;161;8
79;115;82;43
16;116;117;24
246;165;20;213
267;291;51;173
298;78;30;5
240;210;195;168
177;237;231;7
28;190;184;48
246;174;147;216
148;250;151;225
267;253;205;236
215;297;176;12
250;263;71;165
71;264;262;151
79;262;232;83
134;129;154;233
246;257;232;125
233;120;215;130
172;154;142;198
189;186;129;288
147;64;270;28
67;31;65;282
52;230;106;99
93;157;138;118
11;184;275;279
245;299;59;111
127;103;287;236
291;229;16;16
223;72;51;109
289;20;109;258
59;258;81;227
225;41;125;15
133;28;65;244
62;238;225;191
278;183;286;35
259;252;147;34
87;120;176;257
41;56;159;160
298;212;288;271
95;187;204;142
152;90;191;248
190;290;267;281
136;45;265;210
135;85;27;92
236;86;150;300
208;170;172;203
258;293;241;230
89;281;281;281
73;62;219;69
138;277;258;55
141;239;64;183
191;140;277;223
51;266;34;246
189;102;53;0
182;247;195;288
120;267;214;156
39;29;56;267
88;91;110;33
115;1;171;166
197;123;132;43
158;159;112;233
271;288;22;106
136;201;231;267
208;141;263;234
287;127;30;268
106;93;106;67
7;23;169;38
187;210;273;112
36;249;1;26
22;35;193;68
240;160;77;51
58;21;224;104
64;107;164;64
229;241;206;286
205;248;204;286
171;100;206;217
294;167;80;97
22;47;200;182
170;262;5;163
279;29;100;291
178;20;299;72
80;195;43;291
33;245;214;140
232;15;246;52
52;211;17;32
169;252;107;108
109;237;174;298
223;216;166;179
168;1;287;24
198;262;9;12
5;135;109;46
35;168;104;66
217;146;113;148
223;197;178;68
213;37;126;281
268;254;67;44
110;223;102;206
166;24;293;215
9;152;139;104
300;224;8;131
290;256;137;222
36;92;263;215
221;142;7;63
147;296;33;104
289;205;7;215
270;262;166;216
264;185;154;206
129;8;282;222
135;3;225;162
2;184;199;173
121;186;140;102
102;294;4;222
288;9;202;73
136;136;292;221
184;68;142;8
208;288;74;81
241;146;212;247
58;94;92;257
193;120;25;217
160;293;134;197
174;191;147;292
146;114;280;50
198;296;104;261
90;250;60;255
34;276;25;116
96;286;201;182
248;162;121;204
0;102;101;147
160;46;281;264
131;94;119;98
235;287;192;127
241;256;248;287
67;161;83;5
104;300;116;291
49;264;27;2
285;277;32;206
95;6;79;128
281;37;244;292
200;235;293;200
128;94;273;226
274;279;138;184
163;83;109;190
228;192;136;149
172;169;186;167
48;155;185;33
282;273;23;71
198;121;26;201
1;9;292;227
23;49;91;163
53;208;239;215
123;248;140;217
236;170;273;77
195;145;189;264
285;236;21;157
13;206;130;142
39;238;179;51
149;198;191;280
247;229;230;82
111;130;147;275
143;20;171;292
285;145;249;154
17;21;51;10
281;266;146;231
38;45;203;25
29;70;7;230
178;285;0;297
50;59;205;265
194;43;224;231
243;227;91;279
231;147;147;294
285;145;85;217
252;9;107;279
52;45;234;17
177;75;252;207
142;195;127;269
286;117;204;180
289;140;151;24
46;210;283;247
10;1;38;72
290;226;186;56
75;271;0;242
291;167;42;0
217;214;102;118
152;60;51;281
150;81;123;134
153;219;108;11
11;218;46;75
137;211;67;96
279;37;221;128
54;30;72;249
7;96;247;81
229;265;112;77
269;37;132;298
163;230;244;281
107;204;233;296
84;91;160;135
142;126;142;209
261;7;52;258
89;170;114;290
74;217;138;187
184;210;88;219
36;102;271;266
158;103;285;78
48;194;22;63
41;13;64;268
288;269;260;26
12;118;6;74
131;247;250;12
7;206;29;7
299;141;243;261
73;288;110;93
215;234;25;16
220;206;33;58
147;269;90;60
165;171;31;193
274;33;249;18
45;96;100;252
223;274;10;154
232;55;17;67
236;238;98;211
210;111;81;64
157;239;159;204
198;31;136;33
269;205;249;261
295;227;253;74
230;21;185;104
113;291;78;114
163;150;295;169
282;33;61;98
291;254;79;84
223;225;273;108
65;245;269;120
59;67;162;180
281;171;170;29
22;62;213;284
195;49;68;284
43;166;157;220
159;2;288;188
133;15;84;129
181;31;40;197
56;97;208;95
1;116;227;97
143;289;38;46
275;199;36;262
190;35;297;159
206;226;223;295
212;168;91;186
126;226;46;271
113;140;136;215
94;219;289;44
174;46;193;41
189;165;86;5
98;208;220;167
6;59;208;236
51;50;297;135
160;192;102;79
190;169;165;131
91;99;123;36
295;241;281;276
17;265;241;11
59;75;202;244
240;63;300;77
128;18;207;208
283;244;206;193
125;35;50;228
218;251;230;91
243;89;110;21
287;261;283;67
251;291;19;131
108;246;148;64
100;137;271;262
113;168;155;183
253;142;223;85
157;239;29;79
8;61;61;72
203;231;288;167
218;0;60;279
101;260;187;92
196;186;222;176
280;104;66;119
188;259;233;0
224;253;50;65
147;138;280;46
106;53;180;141
84;49;4;119
297;31;49;122
125;8;167;86
163;33;57;62
86;84;95;41
126;182;238;20
90;81;50;56
41;218;198;48
218;85;201;82
152;99;266;136
142;130;14;294
41;68;150;168
63;182;30;140
180;44;208;48
130;51;209;150
20;60;259;117
297;92;217;256
256;9;288;229
71;17;195;87
244;18;195;213
33;238;269;283
17;162;90;113
3;77;295;27
169;279;294;168
152;1;248;203
23;211;53;106
224;208;210;212
68;20;175;202
134;228;31;199
43;133;235;68
103;229;39;295
287;97;177;2
115;45;248;276
218;208;219;74
15;2;61;144
49;157;85;216
155;26;142;69
229;203;181;236
31;241;267;13
249;114;104;93
201;208;226;192
112;291;45;228
171;264;288;100
128;126;147;299
120;138;38;114
23;96;152;178
216;159;281;124
171;219;288;286
174;247;192;127
122;142;258;277
151;227;212;75
236;190;299;295
128;9;185;168
166;244;140;82
196;192;209;154
76;261;72;28
150;293;205;220
77;50;199;103
278;248;153;122
35;268;76;189
49;153;214;76
265;161;242;256
119;225;166;51
67;274;265;234
87;264;117;300
53;281;56;201
203;5;128;194
236;273;10;266
250;220;77;274
23;222;253;225
127;210;162;261
221;88;101;105
201;267;193;36
129;2;212;251
75;55;62;239
252;219;17;59
195;256;16;214
169;126;140;207
180;237;183;228
160;37;104;138
193;120;174;34
222;83;120;196
196;210;46;87
135;260;297;286
184;3;241;272
112;134;118;136
161;151;258;282
27;288;215;213
219;102;271;120
110;229;20;23
76;232;85;123
90;87;237;105
252;169;54;268
208;185;57;181
219;298;48;59
10;116;31;283
14;167;100;91
177;170;153;256
276;29;281;219
280;34;109;57
165;187;134;229
128;19;147;106
295;216;93;126
201;189;163;105
267;8;15;251
221;19;208;96
274;146;43;149
198;6;1;82
83;246;90;264
31;22;227;215
299;133;37;162
176;122;232;275
46;221;13;92
204;143;7;264
131;266;145;191
7;220;42;44
71;286;249;48
26;87;282;243
229;96;257;52
208;51;143;171
266;16;48;21
258;50;105;125
132;50;261;15
57;208;96;170
275;207;0;122
21;14;246;80
151;206;274;170
14;233;2;105
49;269;171;63
30;267;101;8
180;223;239;56
1;258;63;83
185;75;251;15
241;274;147;123
169;267;110;161
9;156;19;27
42;42;253;239
190;270;176;36
47;238;101;170
166;209;247;150
260;194;287;114
167;289;189;273
20;67;39;192
18;180;22;50
79;231;158;54
130;224;26;238
255;218;141;4
216;104;188;153
190;130;130;135
74;156;42;21
233;270;99;266
282;282;148;60
93;266;119;10
297;196;85;55
43;51;26;269
69;288;265;267
258;204;229;296
57;12;172;274
100;178;289;236
70;85;250;266
180;269;63;92
275;85;90;152
38;37;130;237
259;256;189;274
260;45;2;79
195;297;219;85
173;10;190;221
242;241;294;266
128;12;79;114
174;144;118;157
73;56;186;279
81;78;239;15
116;267;176;157
191;206;205;252
178;26;34;214
7;74;157;112
117;40;277;69
163;26;3;246
289;108;192;112
44;39;46;271
9;7;81;265
141;88;72;233
16;93;163;159
230;143;262;27
140;58;201;269
77;99;232;281
124;19;139;34
251;74;135;256
188;252;17;116
73;228;84;129
294;25;122;117
166;211;266;18
252;222;271;264
164;172;185;248
143;136;194;20
277;39;5;166
231;123;98;185
205;134;179;299
26;9;202;216
179;250;73;6
251;21;51;152
4;235;274;90
92;123;243;266
117;271;146;209
151;192;240;185
218;47;226;185
186;16;257;61
82;31;65;225
266;227;186;131
259;222;191;218
38;65;275;156
275;206;163;218
71;2;284;285
212;263;222;162
237;49;249;69
256;195;243;156
90;284;3;267
148;43;192;258
179;216;71;195
166;299;117;27
284;44;113;122
86;115;45;252
155;169;236;16
228;125;188;155
47;117;292;281
21;6;137;246
96;66;188;147
101;30;43;154
66;0;53;189
121;147;209;166
41;218;207;220
259;126;133;86
106;115;74;115
106;202;25;43
121;157;50;133
222;138;174;160
192;180;78;96
136;65;298;67
52;208;208;36
130;238;84;224
158;274;119;105
32;220;8;263
300;198;135;152
44;114;272;208
138;231;300;252
11;153;239;64
208;89;37;203
243;17;16;245
194;8;92;244
291;218;293;137
198;216;181;169
39;252;245;284
114;239;283;267
247;42;148;83
78;65;151;63
288;0;268;115
238;210;57;296
185;79;149;121
275;95;295;62
22;159;238;20
182;92;116;48
161;284;269;74
34;87;214;133
98;264;120;280
87;168;57;17
283;4;170;181
136;124;57;290
186;103;279;266
68;210;142;172
57;87;160;40
85;141;168;130
297;221;254;135
152;204;254;228
3;281;94;53
126;73;220;35
285;92;95;207
13;73;20;152
246;182;82;4
142;106;188;186
78;116;162;174
290;132;220;132
18;300;286;203
48;24;179;282
139;232;211;238
269;193;131;113
190;147;202;110
165;206;107;47
106;17;16;242
258;113;27;237
264;238;137;276
168;93;87;221
225;136;277;254
236;126;218;201
240;123;95;139
134;2;133;82
33;265;279;279
56;14;190;68
39;70;247;153
130;299;29;92
17;249;266;150
13;35;58;112
33;31;260;167
274;6;202;288
275;94;179;20
298;265;230;198
197;151;181;228
74;59;178;186
260;47;188;285
295;154;55;100
186;241;224;74
231;38;58;2
235;153;214;178
280;288;153;155
257;61;257;178
133;292;27;129
62;230;46;98
245;239;294;132
173;264;288;90
194;201;63;107
13;130;175;261
58;78;188;127
198;257;273;222
151;248;199;235
128;257;85;232
272;218;255;22
243;266;109;79
281;62;245;33
244;226;233;69
37;17;6;128
184;1;287;252
297;288;217;126
256;215;213;263
68;28;79;246
2;126;146;229
166;207;268;72
239;256;193;201
245;202;286;137
30;268;47;198
22;216;55;211
145;114;96;106
254;124;257;53
207;265;95;106
42;262;8;76
216;123;28;152
133;48;55;94
120;90;299;192
35;137;289;143
273;236;144;242
51;172;92;1
160;231;6;233
138;238;14;234
53;209;268;274
73;119;283;119
188;90;95;128
256;180;176;235
284;165;276;264
19;2;14;160
180;144;270;68
213;163;127;56
271;264;285;246
204;220;242;49
111;112;76;192
88;74;263;286
40;256;76;68
154;232;272;216
126;109;88;47
103;8;291;116
53;212;211;228
244;113;18;60
56;7;85;64
267;150;161;265
207;17;223;48
31;115;252;172
229;240;190;57
93;225;178;99
34;222;202;229
126;109;156;219
185;20;189;15
47;226;155;7
289;212;226;117
210;294;240;265
145;50;103;173
269;276;180;113
51;181;265;266
156;67;218;227
170;14;89;110
47;67;254;164
120;185;145;139
118;146;223;0
240;227;174;296
89;257;132;103
179;109;63;99
206;72;255;105
210;272;239;124
101;147;269;173
272;127;176;4
291;293;42;191
8;94;163;248
278;228;31;295
242;98;63;255
291;21;125;215
85;158;170;276
204;245;198;236
22;97;296;106
103;30;101;171
207;150;292;237
41;181;26;12
173;54;204;151
141;16;282;5
249;63;102;178
88;45;129;175
294;27;83;258
159;127;175;53
27;91;135;148
83;222;23;117
136;278;47;287
222;146;288;56
136;230;14;218
0;50;231;8
269;56;243;297
190;245;144;104
120;151;4;290
218;0;249;136
0;40;279;132
280;97;121;175
22;64;103;69
199;291;175;52
210;10;57;44
93;141;10;259
45;181;122;79
43;274;231;8
275;187;114;62
223;156;225;233
60;194;9;107
97;29;258;199
140;208;17;159
30;250;110;194
289;199;184;96
280;247;137;286
167;107;207;70
155;124;207;8
186;268;58;218
292;112;215;269
61;262;249;188
187;262;279;90
118;199;104;4
61;199;165;110
132;214;220;196
225;300;232;136
192;218;289;218
253;269;24;180
90;14;88;42
160;215;70;264
194;53;84;107
281;97;184;0
26;255;155;268
64;53;13;90
36;271;160;255
26;48;195;135
81;20;86;203
4;180;187;148
291;69;19;208
259;4;281;80
141;153;112;14
40;32;41;92
89;211;69;205
112;115;58;291
296;30;78;60
72;273;93;85
75;245;81;74
142;149;271;35
292;258;143;239
262;293;260;217
91;287;289;78
226;235;89;213
133;96;103;81
194;21;36;237
73;273;248;39
230;267;98;242
226;222;158;57
264;214;162;82
154;37;281;277
15;147;296;36
132;86;215;231
238;108;222;175
234;99;88;178
289;259;243;202
12;126;100;288
88;21;31;223
213;129;6;250
264;269;199;245
58;8;113;54
75;26;79;8
103;180;78;294
155;286;244;235
64;26;250;139
173;4;279;232
207;139;282;60
16;262;54;150
174;295;137;115
22;123;175;17
287;155;271;48
243;139;115;134
294;281;175;265
257;140;132;154
183;89;26;172
292;44;13;297
294;65;283;68
46;90;286;27
101;218;249;197
59;236;298;291
246;258;96;178
264;202;30;217
184;9;265;63
47;81;36;90
70;4;105;199
112;224;158;53
23;197;163;12
231;138;139;127
166;212;300;100
62;290;104;92
62;159;293;236
151;192;130;102
180;10;63;194
84;252;27;255
19;127;84;21
258;48;192;31
99;260;48;142
122;261;186;1
43;151;279;59
174;89;97;65
16;121;178;288
57;279;32;247
235;18;141;83
180;103;44;298
52;213;36;71
157;279;174;66
149;15;110;193
37;88;266;138
265;113;32;108
280;85;6;248
260;151;110;117
295;268;136;129
154;194;268;253
210;163;171;125
235;158;50;102
54;248;81;238
49;152;252;95
293;222;11;217
131;97;118;140
143;232;64;95
258;1;158;290
66;63;168;22
195;218;231;155
19;121;121;261
200;298;157;29
132;125;293;297
35;246;86;67
216;43;300;232
30;47;134;86
44;124;39;141
247;294;98;174
291;248;118;242
17;263;38;71
127;298;140;295
219;135;98;238
276;294;266;88
121;248;223;275
204;220;165;181
161;240;202;250
272;213;264;68
232;157;20;87
53;150;47;200
185;104;106;283
6;52;23;222
164;78;266;32
89;99;191;42
232;32;1;108
203;148;238;287
250;127;116;110
244;93;13;217
77;229;176;289
9;187;43;198
242;224;23;148
112;78;9;101
15;270;117;192
172;162;298;296
243;296;274;167
79;246;63;106
75;254;185;115
68;46;188;25
235;279;56;97
285;269;7;185
242;62;291;58
117;165;229;265
134;119;279;223
15;231;19;230
101;256;194;14
14;129;246;169
51;108;92;55
230;117;31;262
287;198;212;192
9;124;188;0
29;55;32;33
46;129;221;8
238;237;261;103
134;37;83;108
137;159;173;232
9;0;201;11
256;33;235;182
207;286;258;129
105;15;181;178
112;274;41;198
5;18;227;294
217;279;288;237
52;210;262;8
282;246;296;296
21;168;58;124
26;273;214;78
112;57;242;68
6;17;57;177
192;209;155;178
242;280;238;249
202;242;220;18
145;260;109;244
109;292;78;192
267;18;217;14
266;173;145;9
260;257;197;293
14;23;235;290
222;26;257;116
256;219;201;93
44;4;43;202
39;47;156;169
144;69;76;105
147;125;94;268
173;259;198;195
56;98;162;295
134;78;264;165
132;7;193;229
208;117;164;1
169;280;132;71
180;218;209;269
184;13;151;234
20;165;56;169
201;285;176;181
35;162;213;60
85;200;197;32
210;13;77;146
68;152;216;264
154;37;33;123
39;36;54;41
45;249;108;104
157;20;60;60
113;155;133;152
68;38;275;1
15;72;74;208
24;14;225;147
65;146;32;59
158;7;223;208
88;124;34;18
236;283;211;59
92;249;191;51
77;8;11;200
251;45;73;57
260;221;153;240
127;125;37;182
213;99;76;295
297;270;243;186
1;157;128;157
187;164;192;236
179;97;103;27
296;188;222;124
239;8;240;167
181;293;53;57
90;267;102;190
138;243;31;149
155;148;293;144
171;133;107;246
87;85;97;231
216;11;75;272
236;276;13;208
123;4;8;24
51;260;266;104
105;198;269;5
126;20;235;238
51;135;177;287
102;230;179;294
274;103;0;165
194;133;138;193
26;48;108;44
98;37;187;94
155;58;42;275
252;164;159;144
159;193;211;75
280;61;95;36
116;121;15;60
229;175;97;299
147;151;163;253
94;134;212;184
185;62;273;180
171;151;80;117
123;28;58;26
197;58;30;201
249;98;145;90
159;201;120;47
204;157;265;178
70;18;154;171
227;18;230;153
47;297;179;59
248;144;105;261
260;210;69;238
103;27;116;249
282;0;175;201
246;141;186;101
91;57;15;289
217;219;226;73
209;104;158;259
15;110;205;138
145;56;98;11
291;242;268;173
282;154;258;34
97;227;291;291
256;101;233;96
284;29;269;269
293;67;287;203
246;148;21;128
7;265;69;226
50;97;236;41
282;129;141;246
31;128;38;209
149;159;276;153
48;168;211;2
297;39;199;281
108;27;263;13
199;48;172;208
44;108;138;1
25;94;156;225
158;50;23;142
299;235;91;65
170;211;203;265
238;161;45;150
124;293;32;144
190;288;4;176
199;8;128;66
90;0;264;224
80;95;191;284
165;79;116;75
132;295;187;99
232;123;263;259
99;268;3;21
294;236;89;292
115;17;70;110
185;87;73;197
278;84;254;79
33;127;260;128
260;23;189;156
156;69;16;212
179;19;156;100
154;60;68;81
131;7;163;210
206;53;36;227
85;182;284;84
34;11;118;96
281;162;42;198
21;205;234;249
264;35;214;18
217;227;135;159
207;92;137;118
92;113;273;193
104;31;149;253
216;111;57;190
88;148;8;170
87;176;93;204
188;275;197;195
284;237;153;51
73;228;271;180
219;179;0;189
273;135;30;69
208;141;248;110
138;229;256;147
151;22;205;182
256;235;274;283
168;274;106;241
297;270;35;299
67;100;17;211
290;48;39;215
77;179;134;129
82;49;141;29
270;214;72;167
82;231;68;77
100;192;33;297
108;124;103;251
108;172;95;55
222;252;114;146
119;252;273;18
62;56;296;268
44;149;165;83
253;171;256;203
255;46;23;141
295;250;268;128
119;106;258;287
191;61;285;207
40;296;69;77
115;120;298;93
16;223;208;228
266;225;61;205
157;208;7;246
274;218;299;14
98;188;146;188
261;239;137;171
51;176;184;273
183;90;120;111
18;220;221;1
105;115;24;41
181;42;165;26
275;28;247;46
155;85;83;4
139;283;280;106
0;249;287;260
135;64;228;283
179;1;60;81
50;170;3;125
164;37;215;144
63;52;38;56
51;78;17;58
247;98;231;223
193;41;185;94
125;252;4;67
279;174;139;218
271;273;209;191
121;94;19;246
168;105;190;116
265;57;26;64
272;81;182;292
219;271;178;69
130;272;233;139
278;2;242;294
187;59;22;39
129;186;77;217
111;38;19;277
197;14;9;260
273;205;68;263
212;143;265;77
294;266;27;48
197;150;187;42
13;259;215;159
236;93;140;275
81;147;244;9
152;91;235;184
88;32;180;105
63;190;58;220
262;124;184;113
299;146;248;260
209;24;276;294
254;170;206;30
28;221;96;168
45;161;139;95
243;145;105;260
126;94;70;191
164;37;213;152
173;42;44;206
17;105;231;239
120;266;140;153
261;41;155;42
261;15;293;35
200;186;84;265
193;289;240;172
23;83;209;164
272;8;149;3
150;35;134;257
285;226;221;34
95;78;183;19
152;251;292;163
183;239;143;155
262;82;58;113
283;75;57;17
51;111;292;79
35;226;227;78
176;103;93;208
212;77;278;183
24;25;21;12
221;21;2;155
170;69;96;286
261;119;40;68
46;265;97;25
102;243;199;33
9;274;196;281
103;209;150;60
130;296;76;109
205;249;135;62
18;182;124;94
174;85;105;213
261;187;45;94
183;108;87;89
285;17;35;253
148;205;210;108
226;220;208;97
228;146;285;11
107;174;300;99
249;14;189;290
141;155;297;274
51;139;279;243
25;140;87;50
191;21;69;297
31;224;134;225
34;79;210;67
217;247;94;247
256;108;183;140
62;155;191;213
268;23;43;192
67;261;16;55
44;63;145;118
227;147;190;208
84;85;103;257
101;270;172;146
207;135;36;250
88;75;246;286
36;159;141;266
4;222;293;200
144;290;68;33
85;243;84;156
91;151;44;73
109;208;232;43
171;298;239;255
104;13;192;40
94;94;215;28
84;166;194;71
109;82;214;67
138;10;36;224
238;229;60;60
82;250;4;270
7;222;58;242
147;244;107;257
145;104;74;94
283;177;216;65
0;249;77;40
142;195;197;209
93;199;95;132
6;148;279;10
120;259;295;255
90;163;246;142
249;143;69;131
267;201;235;188
284;297;41;57
230;100;244;138
295;120;267;153
145;295;12;186
270;242;280;282
250;149;24;226
3;192;125;287
113;65;299;169
254;84;179;88
72;122;213;118
269;243;299;120
194;246;136;144
19;76;123;285
195;168;231;120
39;6;54;186
55;275;21;122
199;242;73;63
214;96;258;1
170;64;14;207
233;40;128;147
223;261;83;122
22;155;123;97
140;97;34;104
111;108;179;230
186;283;182;5
273;262;209;236
83;169;48;78
31;32;242;39
152;4;214;269
32;10;75;199
102;97;143;88
82;122;233;272
293;181;98;13
27;89;89;261
224;207;128;3
198;47;220;173
3;179;4;59
145;83;261;155
143;242;131;278
292;151;208;230
218;260;77;251
155;220;174;217
285;71;151;229
90;37;175;203
62;67;139;288
191;289;35;159
190;89;116;69
266;40;194;102
115;254;287;270
18;271;46;286
291;6;254;153
239;210;260;132
209;279;38;125
115;18;136;296
19;236;278;14
243;112;288;180
96;90;103;225
228;165;111;140
31;122;61;156
168;114;59;273
170;83;123;158
21;13;51;214
73;277;172;236
277;75;227;166
194;145;120;193
199;201;271;274
159;3;28;91
115;185;96;10
94;20;251;267
80;97;198;119
75;1;89;183
283;255;287;255
28;289;238;1
234;253;231;250
283;141;221;96
11;236;93;188
38;221;54;81
82;239;285;219
91;178;211;93
77;214;86;70
212;156;138;269
141;67;180;133
228;142;264;228
284;106;299;269
60;224;140;134
205;202;63;141
214;194;251;129
150;151;89;266
144;253;160;78
169;14;143;115
246;16;32;65
284;173;40;151
279;213;265;20
165;90;36;242
35;90;44;54
73;16;84;125
228;24;19;210
151;274;230;199
36;236;279;59
98;136;102;88
58;34;64;234
298;92;238;267
289;71;95;195
117;156;249;292
116;257;40;218
75;2;64;224
170;183;279;15
218;133;12;151
52;139;26;204
17;55;32;238
206;68;1;14
61;0;60;95
183;294;140;283
29;180;164;253
269;261;286;69
179;100;6;123
247;267;143;90
84;288;137;86
94;231;243;94
83;168;147;21
16;55;77;228
181;62;84;266
228;112;6;69
120;295;62;151
265;79;228;42
70;202;16;16
122;16;64;207
79;106;85;24
228;175;188;286
288;145;10;215
39;37;53;270
163;152;257;42
250;204;124;150
157;251;44;171
74;90;33;164
170;163;87;129
227;193;63;94
248;61;77;299
139;226;252;120
174;56;181;207
237;78;271;158
34;177;64;264
287;205;244;43
165;85;279;257
52;258;157;126
162;253;175;28
124;76;224;246
58;208;203;114
233;285;115;101
211;42;213;20
216;209;266;115
62;251;247;264
183;292;137;176
1;144;300;220
265;283;284;192
221;243;119;20
73;145;45;294
29;204;48;78
65;261;293;263
255;11;290;175
35;167;99;226
268;79;170;214
262;9;18;78
134;128;10;80
219;257;300;26
87;174;209;11
76;189;56;158
172;5;144;130
32;36;121;31
192;193;20;121
219;72;135;89
91;222;183;27
35;125;114;17
214;285;130;68
282;287;240;54
205;19;294;3
137;153;59;291
252;189;214;211
116;10;152;104
106;134;199;19
237;180;201;214
252;187;142;143
240;248;226;231
248;252;58;224
253;56;213;85
145;8;3;238
245;296;130;165
39;262;151;117
22;100;74;285
231;232;189;120
213;26;182;36
272;284;231;196
111;281;152;171
262;203;106;268
68;18;267;203
153;114;196;87
289;203;134;298
256;106;261;174
96;33;180;256
286;140;197;55
55;175;180;224
163;295;208;31
206;259;196;290
273;120;93;241
52;135;255;62
91;232;261;245
220;244;285;164
156;6;282;134
13;120;279;246
161;125;156;293
241;39;5;127
100;300;41;189
274;39;248;200
21;202;228;251
287;299;3;191
279;208;155;236
285;63;80;176
150;130;157;263
104;76;5;114
189;187;55;298
281;24;24;221
236;51;258;131
187;254;12;40
221;184;294;194
140;249;28;30
267;231;212;193
260;3;168;26
16;261;45;265
155;171;159;108
294;15;177;172
226;280;71;68
211;278;87;293
112;65;17;72
216;193;94;111
216;265;211;293
90;238;164;300
240;89;74;265
4;138;260;146
152;125;109;284
21;147;167;191
289;219;133;127
46;42;291;66
260;240;56;29
200;55;17;113
174;185;68;161
222;138;214;195
32;138;25;104
282;96;21;208
60;254;272;138
115;45;101;126
210;207;44;284
295;21;215;277
210;100;136;173
167;8;3;254
292;265;26;198
179;95;137;256
89;206;264;21
219;252;101;13
60;59;178;97
124;0;91;124
18;42;11;202
91;39;63;119
32;298;295;198
115;273;250;233
63;34;134;102
162;113;145;262
37;170;83;278
114;150;274;299
116;114;55;237
4;235;133;187
280;26;179;206
188;222;221;280
280;109;261;261
186;297;144;282
192;127;78;166
109;6;191;251
199;8;114;253
48;139;226;172
70;16;179;45
200;126;287;22
139;54;200;298
111;46;163;181
19;227;233;177
90;251;123;297
114;156;18;120
31;108;121;275
236;5;47;287
175;76;73;128
207;93;42;231
193;81;173;49
53;229;55;103
296;214;229;150
256;119;71;103
99;25;250;254
262;295;279;247
228;38;243;152
115;196;231;177
241;43;238;171
50;112;80;226
27;84;133;178
141;189;194;114
43;204;33;125
173;26;26;90
212;115;53;196
245;179;236;33
115;199;109;59
161;81;1;104
4;198;52;33
89;244;43;270
274;173;268;42
286;271;283;137
208;80;65;136
106;188;69;213
263;176;81;155
60;103;137;148
131;81;219;209
117;88;101;175
69;222;7;111
225;6;63;5
142;152;33;225
245;18;168;69
53;124;299;70
10;137;18;184
254;139;137;167
132;298;266;242
136;264;219;14
60;93;251;176
2;48;70;124
275;71;251;256
181;276;256;165
208;255;76;280
52;254;243;210
247;89;231;249
260;132;170;78
43;32;151;80
233;96;126;135
74;34;191;138
152;238;10;294
129;278;129;51
84;242;293;236
252;169;216;163
227;25;174;80
28;4;216;139
137;66;80;201
232;293;247;68
97;276;157;142
112;70;85;129
188;191;266;41
109;235;222;6
162;50;55;120
254;213;78;235
260;25;15;57
158;274;124;50
150;160;127;240
268;196;193;91
93;195;55;135
211;11;241;89
245;57;13;214
109;42;143;282
182;294;50;83
257;53;168;238
23;74;159;74
151;97;245;177
283;85;288;91
169;105;269;187
210;94;142;86
262;174;67;8
8;50;258;215
268;39;80;12
55;295;270;140
150;210;283;244
75;114;113;64
95;118;223;135
82;230;239;146
115;120;227;201
52;136;206;133
261;239;26;171
194;99;1;210
174;44;168;43
141;167;240;206
134;16;155;52
120;7;207;41
16;156;80;66
29;118;196;279
147;276;182;152
6;58;231;169
200;23;139;248
257;146;10;272
159;300;181;59
145;7;132;26
88;38;48;276
241;223;116;237
278;189;157;167
83;216;124;263
38;258;150;25
140;88;173;144
95;295;169;24
283;193;257;236
158;259;120;100
37;24;197;151
97;118;242;183
33;160;294;195
207;4;272;151
15;69;81;164
284;123;145;269
125;293;213;256
31;134;291;76
271;178;117;237
96;93;285;279
8;43;183;114
274;272;161;283
238;285;106;10
293;88;126;199
97;165;98;257
223;277;211;138
84;286;148;100
147;235;98;13
182;162;144;219
162;172;48;214
258;284;108;69
109;10;142;143
185;71;160;284
230;59;51;214
259;91;147;3
92;259;146;224
202;296;78;269
5;3;72;106
293;17;175;206
156;237;49;89
166;277;124;34
250;36;135;22
82;18;251;191
230;283;37;108
136;41;22;90
174;120;272;196
61;0;131;273
81;54;236;13
62;272;123;224
295;162;106;99
189;266;292;5
129;157;82;299
230;100;234;199
5;44;52;110
89;2;182;91
54;164;220;118
205;120;115;219
114;207;94;85
255;66;96;111
112;232;210;297
263;51;156;103
262;86;12;281
55;178;237;215
152;250;77;94
300;122;85;126
237;47;39;182
134;250;265;18
147;271;193;56
121;205;105;70
247;17;224;91
190;119;283;137
276;172;249;117
70;132;253;137
59;31;106;243
286;132;274;124
254;258;230;87
35;204;126;0
238;130;158;247
289;74;45;229
69;133;271;64
6;290;246;131
238;153;233;59
233;9;21;25
280;6;247;54
269;80;80;80
1;242;233;148
183;73;200;286
19;279;29;86
193;9;8;203
77;134;163;61
76;82;236;286
265;87;286;287
152;85;225;171
285;255;97;114
74;92;171;163
246;44;248;271
248;167;143;191
149;135;17;277
120;20;241;257
66;90;9;250
242;111;49;277
177;267;124;35
117;178;14;179
284;181;157;180
198;285;286;169
275;294;295;23
157;163;60;285
289;23;213;55
40;283;69;277
112;191;277;159
237;204;23;134
268;163;300;193
264;197;278;193
8;31;244;65
136;255;24;243
56;89;75;272
45;141;89;294
214;68;103;248
171;63;114;181
27;275;60;18
136;271;102;239
198;144;37;282
183;295;230;110
187;70;140;137
37;102;62;253
250;91;280;75
215;181;236;55
64;24;164;154
222;22;54;200
147;176;156;232
214;300;249;55
220;293;32;97
131;284;281;189
131;299;29;129
205;128;163;61
98;249;102;86
69;48;73;298
89;105;3;229
130;257;178;260
231;152;292;37
19;89;71;9
237;120;108;202
127;34;47;76
296;297;278;285
132;222;151;124
52;85;267;69
134;107;184;246
227;92;186;132
85;116;59;42
152;137;225;69
152;23;7;74
296;61;167;0
199;119;95;81
235;161;179;287
136;133;167;167
68;286;79;181
189;152;47;108
210;32;155;31
186;123;168;78
65;99;94;114
120;162;189;299
14;198;272;271
197;247;98;127
13;121;148;153
60;173;45;28
10;82;207;125
25;168;211;264
294;231;60;132
170;175;107;13
147;29;210;159
50;218;241;245
287;156;64;87
187;268;61;78
208;242;188;143
213;136;24;253
259;20;108;207
127;74;223;203
275;284;221;160
278;257;298;173
20;7;133;62
140;113;32;257
106;167;2;202
8;264;221;126
67;185;263;248
147;27;108;177
207;92;238;240
108;291;103;164
159;269;76;60
175;173;168;171
116;164;47;207
92;245;289;29
27;50;70;115
156;263;131;43
164;262;260;197
248;144;136;283
40;186;196;222
72;101;28;2
110;198;34;80
202;67;49;272
260;250;244;67
253;70;285;12
153;155;153;259
232;300;268;230
108;73;261;61
2;215;154;192
51;180;116;48
223;210;241;40
86;29;184;46
144;172;212;140
186;128;265;97
257;213;77;104
74;226;238;274
197;70;24;251
293;17;252;229
15;220;220;220
128;230;92;219
125;160;131;167
205;19;180;259
113;135;177;208
171;245;94;100
16;159;276;287
250;239;141;272
33;79;13;176
104;246;217;85
216;266;199;260
29;234;153;228
13;50;226;87
127;224;60;111
141;207;299;203
55;108;29;148
61;256;138;90
215;278;107;169
184;20;47;30
241;252;242;286
17;4;241;40
134;236;231;49
298;148;169;1
6;275;56;250
218;151;79;107
231;55;31;107
195;53;80;55
92;218;34;148
133;205;94;92
286;281;82;222
174;12;268;275
84;247;52;80
230;41;54;36
221;300;51;32
182;219;64;282
163;29;153;276
174;107;214;127
288;276;43;63
238;257;243;225
221;279;203;266
177;185;9;279
201;59;218;205
203;28;40;75
116;130;101;98
28;168;174;109
128;260;212;83
85;56;151;268
259;32;1;298
177;261;151;165
255;76;263;85
243;87;82;111
143;19;199;123
256;35;98;273
187;285;7;263
150;263;64;37
111;84;120;73
259;252;194;164
241;146;134;44
203;157;222;200
222;2;253;262
50;86;91;36
120;257;68;20
227;265;247;36
273;183;68;17
262;32;208;30
222;205;110;133
106;258;276;299
173;291;242;187
28;299;180;45
169;231;299;211
7;182;157;140
164;89;240;43
106;84;104;293
53;12;106;120
16;265;175;143
203;277;5;196
168;57;125;114
181;248;174;71
220;160;234;63
30;300;142;117
197;26;160;160
219;53;198;199
49;60;68;240
170;70;149;78
292;242;15;249
31;127;48;271
166;258;83;262
214;7;191;61
80;124;190;141
275;122;88;294
171;298;228;42
207;17;196;5
38;48;153;13
81;203;112;152
50;254;68;216
37;112;236;45
64;202;170;63
198;88;110;165
258;82;248;125
277;84;39;280
49;300;153;159
216;33;152;246
232;153;17;33
201;131;15;9
281;118;113;91
44;246;68;108
126;174;188;48
194;4;226;227
47;241;289;6
173;292;257;54
81;66;66;66
27;220;254;141
46;61;256;157
239;162;88;64
141;86;139;163
279;234;121;115
295;155;94;72
40;253;287;101
134;180;211;64
156;214;81;131
217;296;224;47
249;295;187;33
205;195;34;224
164;209;279;122
33;277;230;156
143;31;172;115
282;229;208;17
61;6;118;166
233;118;16;194
256;215;91;92
128;289;284;137
174;184;53;90
184;293;277;169
292;98;217;164
258;73;291;100
117;87;276;97
288;2;5;21
158;231;50;268
119;234;177;130
148;138;190;34
5;63;147;287
117;75;253;167
54;37;16;295
102;43;13;183
98;137;286;16
205;30;217;253
218;292;145;216
191;111;59;139
257;88;231;106
13;252;28;188
218;118;168;125
287;85;135;234
66;270;183;37
41;251;247;104
112;236;50;106
34;109;146;191
200;297;235;39
215;256;225;7
81;83;209;240
236;16;37;48
54;114;88;40
282;12;40;137
259;87;167;247
254;140;172;120
34;226;47;206
141;237;182;160
132;106;68;172
129;3;32;259
220;102;271;147
276;178;166;172
140;239;275;58
208;48;6;18
175;75;104;223
189;4;269;292
139;174;73;244
248;168;111;58
47;294;32;250
226;126;56;137
257;191;64;190
103;265;108;238
299;292;236;63
99;35;199;176
4;68;72;232
185;146;237;217
36;31;70;261
170;185;105;282
34;53;115;23
195;182;241;216
228;210;185;295
69;295;6;148
137;74;248;151
236;0;3;118
97;22;168;59
193;297;259;181
4;71;77;237
4;107;209;212
99;206;275;149
85;155;42;29
289;69;87;297
24;50;287;124
129;173;230;291
242;18;35;48
18;135;129;241
99;120;187;9
216;288;189;164
120;184;105;230
248;6;110;51
276;172;269;12
53;279;39;293
142;106;124;74
229;69;75;201
26;159;260;13
96;200;261;204
216;95;14;245
277;195;159;27
280;171;255;126
283;241;111;214
277;179;137;38
215;153;182;277
85;283;148;169
174;187;244;34
268;70;140;235
174;221;76;199
90;27;258;267
269;221;49;219
204;270;166;172
121;182;147;115
0;117;112;237
269;193;156;85
246;79;88;29
266;102;225;196
24;295;248;258
150;28;101;82
91;96;143;31
231;57;30;185
70;223;132;40
132;117;165;128
241;9;266;150
186;69;221;173
81;113;90;131
228;168;1;256
170;184;126;204
189;203;45;212
195;46;217;226
50;200;5;57
204;191;138;251
200;181;278;200
279;159;159;236
137;134;254;190
292;183;280;138
131;284;164;67
122;266;192;30
87;106;139;231
276;9;9;9
109;269;80;278
29;266;242;82
72;52;197;163
122;105;84;195
240;122;298;272
230;232;155;266
88;278;142;154
39;153;225;172
115;135;137;219
266;148;280;285
210;1;252;43
226;57;180;31
39;95;24;119
82;209;237;245
270;26;165;134
172;121;253;28
258;286;184;39
68;135;50;0
180;174;87;135
80;203;136;194
165;93;150;191
97;161;79;160
79;0;264;8
213;93;34;119
116;160;232;136
245;284;87;143
298;215;201;174
176;25;179;261
246;240;114;189
64;81;199;133
138;222;108;180
59;127;214;70
285;44;165;171
265;185;175;102
62;146;55;33
66;38;25;91
247;279;138;211
19;107;148;169
277;281;153;243
47;225;147;96
255;247;252;128
39;272;22;131
272;249;39;116
208;195;40;210
135;167;76;145
71;128;170;95
70;51;71;259
57;201;93;49
17;251;30;297
156;280;291;211
156;158;288;237
133;69;158;8
204;197;50;28
73;141;179;179
147;68;285;74
212;170;94;80
102;168;206;87
126;253;153;65
186;223;266;189
44;296;86;199
184;114;193;112
179;189;65;18
32;220;238;259
100;58;129;27
252;245;58;240
223;259;151;71
95;149;223;272
37;219;148;254
28;40;268;294
255;170;259;38
106;264;159;298
196;154;207;182
274;253;12;287
72;35;105;289
103;146;143;276
65;114;108;189
54;188;109;172
185;34;258;206
203;26;14;114
177;160;122;262
255;18;191;168
176;83;23;60
3;291;272;37
192;36;280;48
181;66;246;181
230;218;4;182
131;251;290;197
292;88;54;157
230;81;277;203
212;33;291;19
151;68;5;258
61;248;141;198
37;295;12;156
81;227;124;215
187;155;204;93
281;18;280;211
243;64;287;2
195;160;91;254
106;137;56;116
186;245;269;132
298;56;18;251
56;260;251;6
90;221;180;188
160;78;50;235
223;10;162;183
268;122;145;99
158;17;205;120
248;146;101;142
230;95;273;47
299;195;3;131
275;260;96;114
142;225;155;175
149;220;90;109
169;28;126;230
10;227;81;90
163;140;222;248
9;123;60;230
300;274;227;241
242;265;289;83
184;234;11;93
103;107;68;48
280;149;52;36
252;62;181;107
167;246;185;106
285;163;153;173
68;93;219;270
65;71;76;220
167;19;80;213
163;292;88;80
114;10;259;122
19;284;131;210
270;72;109;288
57;100;93;231
153;196;293;127
83;120;68;275
83;200;243;244
218;88;285;179
82;211;113;33
234;167;299;272
73;111;96;188
68;210;45;155
126;142;254;267
33;115;107;102
271;15;150;77
120;74;283;242
289;65;133;197
12;295;59;77
192;290;300;165
146;280;59;179
106;231;164;222
146;106;179;52
190;253;5;73
71;9;199;66
25;190;292;174
0;51;183;279
128;53;274;126
263;1;194;243
186;206;41;232
118;20;297;300
20;277;225;156
28;12;132;219
148;134;234;100
204;161;189;16
183;264;80;54
90;295;25;203
147;157;184;121
188;145;155;134
54;167;155;164
252;226;291;77
260;255;262;258
119;2;28;13
109;182;74;12
52;300;242;242
80;280;212;270
256;182;72;286
33;97;262;1
293;140;139;11
172;6;250;158
228;128;219;86
254;177;218;152
0;260;127;190
72;156;102;50
248;141;298;298
288;214;29;110
96;264;179;271
233;169;226;248
226;158;16;63
296;49;172;222
109;202;268;66
38;23;60;287
217;108;46;201
145;152;269;241
175;205;170;204
18;191;258;68
191;232;77;159
103;156;100;204
207;101;272;235
169;42;188;225
65;165;291;148
124;160;132;194
21;82;84;226
206;106;177;209
21;125;244;223
130;226;72;23
82;223;246;265
171;261;176;135
246;160;157;119
5;172;227;94
104;267;80;288
210;84;63;285
23;249;190;271
198;17;161;231
66;228;241;151
162;208;29;156
288;266;80;106
91;190;72;183
110;288;138;136
267;43;92;291
255;291;28;78
73;43;249;97
136;99;277;99
135;164;207;66
65;66;183;99
35;177;162;278
81;279;53;282
216;30;149;148
142;62;129;38
50;183;231;212
237;281;179;159
44;9;250;259
179;27;169;284
153;258;41;181
257;1;277;156
73;247;66;142
60;16;166;202
169;215;18;291
222;252;182;250
135;227;257;25
10;153;251;72
292;37;12;233
27;75;270;228
157;59;72;294
216;25;60;247
210;15;90;238
244;157;76;231
32;246;265;165
95;229;8;230
212;181;51;115
128;148;75;176
153;119;69;200
86;104;46;47
220;250;92;258
88;147;92;205
32;70;64;243
0;46;7;214
186;287;273;278
203;20;142;127
103;196;252;292
217;170;33;94
290;33;224;220
237;176;285;107
91;9;146;24
45;94;99;116
276;291;102;96
99;126;79;104
8;105;249;55
175;161;120;26
281;61;7;155
213;284;267;141
258;88;108;255
134;208;152;258
245;113;130;248
193;26;241;123
235;291;76;278
136;151;254;178
296;299;121;267
215;263;42;16
263;133;203;18
131;131;81;97
264;284;134;49
75;201;73;143
178;180;83;120
153;150;54;275
267;210;91;113
3;77;28;289
70;52;277;226
115;208;136;47
99;94;200;277
262;151;53;95
100;180;117;293
154;261;33;190
97;190;55;258
132;11;10;56
117;292;110;212
113;11;64;289
212;276;152;247
237;72;37;14
65;168;275;145
187;279;237;263
85;42;197;183
38;263;166;138
258;49;292;120
201;121;18;7
211;61;160;27
168;45;153;4
49;161;53;201
191;137;247;176
129;92;32;182
59;86;131;253
15;43;38;42
40;77;154;155
100;157;25;126
266;274;50;293
117;207;127;3
158;170;244;167
223;84;266;1
247;249;172;277
161;176;194;83
24;130;32;186
150;244;244;137
169;105;275;7
175;113;56;164
174;59;122;12
273;246;45;199
45;231;229;30
10;18;23;22
241;132;208;277
103;182;32;189
142;64;24;74
63;275;134;64
262;190;216;109
225;42;145;37
168;43;54;258
60;223;173;89
238;62;112;174
82;131;145;204
238;234;68;94
6;161;55;130
158;102;241;97
134;222;61;54
228;62;285;127
254;247;262;205
16;197;76;281
197;196;42;80
19;109;222;65
101;7;134;34
39;168;264;259
217;105;253;239
13;242;25;277
130;230;227;275
178;247;92;188
86;162;272;240
7;74;133;120
43;261;81;255
130;151;64;44
195;32;278;278
180;78;146;13
39;254;232;176
84;246;8;291
134;236;197;108
142;104;41;3
208;47;117;194
153;188;252;226
255;109;157;6
86;220;207;166
169;279;8;204
131;25;69;255
98;36;257;124
235;198;260;58
46;25;80;227
55;216;30;296
94;224;172;172
107;238;273;170
128;178;267;289
267;140;173;61
152;120;244;220
92;174;264;55
186;71;150;124
42;95;95;263
296;90;114;228
28;3;139;163
206;169;18;117
49;121;181;176
202;100;59;265
191;141;230;95
163;248;210;125
142;141;105;104
180;43;185;220
252;227;125;64
12;246;297;263
65;171;89;228
190;176;239;3
216;217;0;32
207;34;283;112
300;131;129;132
126;204;186;234
198;53;196;278
124;143;134;283
262;151;188;152
283;273;58;116
131;162;70;271
95;225;253;7
234;120;117;221
111;57;42;51
44;221;120;190
125;270;68;281
216;88;156;61
141;294;143;88
51;249;253;263
112;210;2;48
87;136;40;204
90;240;99;99
110;13;205;30
167;179;130;265
16;161;180;161
98;95;140;264
28;94;148;182
154;215;293;5
136;297;186;246
234;129;188;109
300;34;40;184
132;21;36;83
7;85;176;283
289;55;258;219
169;51;143;153
185;44;232;78
220;202;75;76
116;4;86;37
38;221;213;128
35;164;4;230
134;123;159;52
103;166;240;74
37;56;169;228
295;253;264;265
166;127;48;56
259;147;254;137
200;175;69;164
239;1;59;1
195;248;145;32
46;261;299;134
97;71;76;275
3;41;154;107
112;182;91;151
74;256;45;175
15;12;40;278
254;63;93;211
67;201;70;25
93;62;163;290
116;8;185;277
159;217;132;290
177;224;108;4
149;101;294;253
241;275;147;120
209;97;294;254
23;103;93;149
175;49;208;51
295;235;89;75
227;99;179;225
114;69;81;128
58;3;28;207
14;257;24;61
15;227;278;218
119;244;103;67
245;112;154;175
270;10;162;11
144;3;99;24
240;285;118;296
46;203;259;4
145;170;202;182
221;109;104;99
109;263;178;74
67;1;288;250
180;231;92;94
275;25;244;281
65;278;201;158
86;18;9;9
283;131;77;278
126;99;183;228
0;225;59;84
136;161;124;4
178;44;247;169
180;264;60;115
142;172;206;153
182;207;234;74
242;51;84;296
227;209;140;24
96;40;288;251
233;291;18;192
93;224;260;66
54;276;56;140
92;236;4;159
104;150;180;258
263;223;238;157
34;280;273;60
267;261;127;258
162;33;296;225
289;92;38;245
41;294;78;99
44;297;84;84
208;4;210;104
294;241;246;148
126;215;140;88
253;72;161;281
134;21;40;64
285;256;157;283
249;259;157;277
80;224;92;251
91;153;297;250
168;124;113;135
121;121;49;192
231;259;205;158
208;30;199;20
13;250;182;26
123;50;20;32
246;141;282;165
269;272;104;37
101;67;296;194
79;270;115;114
241;300;61;135
161;28;58;82
66;284;149;80
135;54;293;43
28;24;8;281
181;98;213;29
143;234;199;130
67;103;84;84
213;270;204;67
168;158;279;300
97;75;154;13
23;213;251;8
240;160;267;208
51;170;90;159
202;87;101;272
113;299;82;180
219;219;115;138
211;9;170;85
106;65;223;270
100;298;27;174
197;235;299;142
0;26;238;17
291;229;201;69
271;84;51;16
204;129;134;126
8;163;176;197
129;188;190;43
141;261;48;205
84;87;35;6
216;295;28;186
231;95;31;133
80;65;221;221
204;212;185;37
92;139;195;216
106;45;162;74
199;160;90;51
66;116;215;276
10;69;96;178
47;43;77;70
71;282;200;79
295;128;150;111
292;263;297;222
192;56;216;5
246;164;153;136
124;200;254;5
299;277;260;226
140;71;154;121
235;11;56;190
146;165;31;246
18;153;34;226
183;248;165;47
257;15;178;71
123;239;294;213
25;286;42;29
32;291;229;227
300;92;264;97
287;293;134;137
264;295;67;159
255;214;243;60
270;69;185;265
70;120;156;89
62;255;284;103
141;108;27;250
50;276;294;275
122;96;16;136
94;238;44;276
160;134;14;32
12;235;252;279
221;99;26;132
203;234;281;206
169;31;17;65
250;157;213;242
132;93;68;260
215;36;238;5
129;91;221;61
85;150;87;187
296;73;17;273
46;214;134;46
299;113;217;18
103;141;284;97
198;195;140;289
253;140;153;18
268;4;226;57
71;279;231;275
220;178;65;272
245;150;187;79
136;45;100;282
65;273;52;210
267;218;249;114
247;29;286;190
74;122;262;29
16;192;242;180
216;59;85;181
298;134;133;5
68;103;168;228
9;275;272;232
26;217;168;109
277;0;181;159
40;227;82;235
14;59;25;79
207;127;142;53
261;252;126;17
277;82;119;267
206;195;84;247
150;14;120;80
92;80;87;291
292;280;55;83
265;54;31;182
82;190;14;25
126;152;131;145
35;171;119;11
53;127;208;24
151;124;11;92
100;229;155;289
286;66;72;92
127;61;87;35
279;116;270;94
122;22;12;137
197;190;152;43
287;202;55;231
287;92;103;195
30;81;178;180
194;71;178;294
24;85;147;277
125;246;271;286
160;195;105;201
60;181;177;162
72;274;214;52
13;111;236;298
194;147;296;212
2;231;173;233
181;107;143;275
116;143;185;91
58;5;200;182
251;50;126;69
111;189;167;88
44;186;178;103
40;271;98;139
240;65;236;181
214;86;12;42
187;64;57;88
86;43;192;66
86;50;276;82
77;272;166;1
209;59;187;66
125;290;273;263
183;146;250;1
113;163;229;162
286;98;77;205
15;239;297;206
124;155;295;266
82;44;221;205
106;280;245;183
145;179;277;16
257;141;157;275
119;211;141;78
241;171;236;147
89;60;72;286
79;211;19;129
4;299;290;160
239;56;230;207
135;108;219;296
234;36;87;5
173;227;141;125
65;148;251;206
169;245;60;225
204;93;239;49
168;167;56;168
275;90;51;266
249;4;178;252
162;171;79;203
109;128;50;299
299;223;10;34
293;167;213;270
111;248;265;269
87;67;167;59
24;289;289;123
248;89;154;164
270;212;268;42
68;180;5;24
69;85;190;201
242;291;253;156
42;258;123;226
296;85;205;11
296;128;293;265
297;80;173;233
13;51;23;187
39;247;108;155
213;65;240;95
4;186;121;104
237;59;252;45
23;294;47;36
44;58;179;299
30;63;16;20
184;77;146;194
136;91;166;62
239;281;88;206
273;204;190;40
32;272;213;87
126;89;134;103
97;93;125;104
86;43;102;183
192;75;144;276
225;3;140;219
37;275;176;162
277;92;240;251
97;249;57;101
83;274;255;268
127;220;50;24
265;177;17;68
80;238;169;180
237;288;278;23
292;138;118;214
59;54;269;265
259;191;201;143
200;125;216;118
168;224;285;82
123;35;98;255
277;57;5;120
43;289;169;125
132;180;139;48
79;34;273;146
279;299;259;76
252;121;273;100
295;132;83;191
273;119;264;82
288;116;222;236
25;203;31;290
85;287;209;47
288;287;32;11
237;270;71;152
40;48;83;102
100;173;272;288
298;53;280;250
16;252;292;135
68;152;183;56
253;62;190;300
154;5;290;122
123;192;126;63
214;89;164;229
208;81;17;7
184;185;30;213
115;154;169;165
2;264;206;150
78;115;51;164
195;36;279;216
293;23;202;137
259;180;243;200
141;61;126;246
293;269;254;208
132;203;206;35
159;37;67;248
16;138;118;219
177;292;106;222
246;45;255;164
186;294;223;159
15;6;37;243
121;189;24;220
200;122;53;49
297;169;176;272
88;186;89;90
90;152;224;150
300;243;161;13
191;202;260;112
69;174;96;273
73;248;53;115
60;281;158;291
146;130;200;18
298;101;13;221
190;18;186;264
42;175;83;54
239;263;79;200
19;97;20;50
83;63;185;147
276;94;294;247
107;94;6;265
103;251;62;200
132;197;221;181
18;249;33;246
265;261;3;43
92;113;73;154
293;240;284;110
98;213;13;182
70;263;81;44
224;120;150;41
282;130;160;247
42;182;204;201
237;239;253;13
59;190;68;14
91;262;6;5
201;252;256;35
77;186;50;65
206;263;138;164
136;24;122;114
31;204;180;53
49;253;164;113
162;138;131;157
215;52;56;49
167;42;217;9
96;30;293;71
78;145;244;198
140;234;87;121
128;155;287;129
133;272;146;179
242;114;161;259
185;119;163;35
123;16;156;32
230;165;115;57
76;281;253;108
192;47;235;219
191;33;197;29
251;238;45;266
293;290;149;48
298;280;152;251
283;106;138;51
219;298;223;280
69;20;102;45
124;220;101;85
266;241;284;188
277;224;203;157
12;220;26;192
117;41;272;132
42;81;183;4
95;185;221;120
211;154;97;287
256;167;15;149
208;95;267;209
95;167;21;228
116;184;77;29
143;273;91;6
225;98;97;131
197;248;143;12
68;124;276;280
207;126;207;236
298;151;232;107
265;16;80;245
24;190;221;68
227;7;262;75
176;298;60;191
204;295;143;31
28;230;127;81
52;15;230;152
127;290;273;131
289;300;60;23
268;193;29;178
250;36;25;37
11;238;55;292
291;196;51;102
259;17;62;80
175;17;280;213
151;54;240;254
101;263;131;68
275;224;62;141
55;3;251;117
275;287;26;235
10;279;194;67
298;224;259;100
23;41;73;264
19;198;277;250
24;229;248;234
23;106;14;42
136;265;37;246
142;29;68;174
270;276;120;173
193;21;248;71
197;48;111;285
63;255;282;77
194;9;172;191
227;50;262;11
71;172;269;285
244;96;288;250
141;5;186;188
278;249;55;200
49;230;286;44
5;31;189;94
67;227;214;295
145;134;121;221
174;92;288;41
20;8;80;117
47;282;275;121
187;196;186;232
207;146;281;141
70;47;181;236
255;84;239;164
79;79;71;70
45;12;139;20
185;98;297;8
260;281;30;119
200;0;99;166
60;107;88;107
286;27;73;221
87;214;248;132
139;173;209;154
78;175;229;266
70;236;254;112
259;139;65;116
47;271;233;114
76;119;4;86
157;233;89;254
263;115;165;31
239;250;38;226
132;29;77;248
11;281;135;124
2;250;42;136
37;145;80;77
179;203;48;48
43;137;208;156
169;156;242;139
15;137;158;202
287;181;173;226
242;29;283;6
15;63;214;65
150;278;64;233
225;257;62;79
291;11;140;170
181;50;115;122
242;226;9;156
118;177;189;112
165;228;71;210
134;211;74;112
93;271;248;22
97;256;254;69
165;41;196;219
16;191;164;206
93;61;98;14
295;230;182;134
177;15;197;93
273;279;120;209
11;15;205;163
167;54;138;159
92;296;280;261
226;299;29;89
62;223;151;181
262;60;288;70
14;98;167;209
119;272;44;152
200;11;205;125
97;179;169;273
131;122;34;70
121;118;204;59
20;121;206;13
155;225;168;182
292;62;22;12
43;126;298;151
217;15;32;112
221;243;263;287
149;275;144;37
38;21;141;133
27;225;134;68
161;290;184;23
287;107;60;68
69;184;131;207
251;205;215;223
7;3;158;207
258;242;114;70
152;80;284;44
98;236;33;201
4;20;194;247
262;141;253;269
73;244;79;294
251;207;86;298
208;201;266;190
282;275;208;270
259;274;22;208
43;261;140;232
249;5;232;85
190;67;1;72
158;44;100;40
49;5;245;154
34;123;62;202
21;28;68;298
297;228;74;61
125;210;146;173
42;28;184;26
154;96;104;75
199;256;8;8
281;55;246;51
131;110;106;12
184;40;91;125
196;154;154;157
110;284;263;4
182;72;201;97
225;133;93;181
55;233;273;194
33;60;127;220
119;38;196;42
16;277;128;289
109;86;157;63
207;25;25;194
95;125;57;27
36;169;223;281
271;220;265;48
272;66;124;156
18;18;284;101
29;282;38;39
221;246;258;54
130;286;218;60
214;127;90;2
23;40;100;151
181;180;69;239
223;243;188;66
231;278;241;40
143;275;298;260
213;226;157;259
160;294;21;13
294;97;237;81
209;130;114;41
126;46;12;104
71;10;200;19
135;88;261;86
241;21;116;144
36;208;168;150
88;296;189;38
95;52;244;164
163;4;28;149
191;8;220;265
201;257;122;257
144;201;27;277
70;153;191;247
254;247;34;131
87;220;126;168
181;50;164;298
62;166;16;213
268;23;250;125
36;144;41;246
270;106;67;51
260;27;215;252
39;5;37;96
169;0;163;63
148;24;155;297
62;99;214;245
23;79;289;260
25;176;267;286
201;235;105;71
65;252;261;215
83;131;1;41
111;273;162;279
48;224;198;101
25;227;47;81
48;74;245;232
262;210;298;288
3;275;71;38
172;234;248;75
28;264;61;131
247;270;298;112
202;29;102;139
107;289;253;39
62;33;60;57
82;122;188;224
82;147;54;266
157;131;28;132
27;218;46;239
52;201;182;59
179;237;141;19
123;246;189;5
24;146;175;78
98;163;59;37
175;285;277;229
69;279;245;79
98;150;156;238
28;151;162;6
52;127;147;243
106;102;183;74
267;142;264;154
165;33;253;15
105;160;59;189
68;96;100;103
257;58;205;41
77;263;75;238
12;14;212;161
221;97;177;59
136;225;42;253
187;178;55;22
135;222;274;160
150;212;13;83
37;73;85;232
127;26;150;289
255;261;127;227
50;188;14;95
223;251;158;83
96;192;252;89
103;117;49;223
2;88;127;3
178;224;214;231
49;88;274;60
133;212;175;269
2;151;278;110
188;284;178;265
66;119;191;129
247;295;76;46
178;299;282;208
175;182;61;174
9;114;43;132
116;130;157;234
169;293;11;107
297;71;200;149
186;264;2;148
71;167;152;164
95;300;229;188
88;2;166;194
224;34;171;94
182;220;148;233
142;155;196;55
150;90;241;175
144;27;165;230
78;45;164;267
241;109;130;237
65;235;68;10
35;292;78;261
169;71;266;28
266;249;100;231
156;28;129;206
164;124;39;23
294;67;124;21
24;297;240;147
125;287;105;111
18;94;11;178
236;10;298;151
197;202;227;113
267;53;205;122
294;168;262;54
145;14;85;28
17;54;89;267
98;181;290;1
275;55;187;298
126;94;236;272
130;144;263;158
225;128;179;33
102;146;239;31
29;47;144;99
36;178;139;266
141;76;275;64
291;0;198;283
147;116;244;75
278;233;203;256
7;252;28;281
252;266;270;12
68;125;221;66
159;82;11;218
105;289;2;61
273;95;100;16
297;71;96;34
186;170;158;106
300;54;54;148
122;177;146;35
0;161;259;107
116;145;173;261
165;151;227;2
212;126;128;277
179;207;110;236
200;56;182;208
128;296;59;278
27;26;119;288
102;165;134;147
83;45;127;136
80;188;167;287
60;265;7;259
124;56;88;186
47;180;104;224
291;138;133;222
58;286;141;271
38;30;198;178
133;214;212;50
180;98;123;107
138;183;206;254
208;123;240;147
182;84;237;199
234;130;72;242
240;153;214;146
188;92;137;14
293;32;107;45
36;234;249;187
239;186;36;211
121;299;195;22
260;114;191;168
174;296;6;209
168;181;43;206
213;199;100;118
294;177;84;11
207;103;33;126
148;120;171;147
58;179;124;121
133;145;24;294
7;129;295;185
39;203;41;83
166;219;80;18
261;287;171;52
30;209;158;144
97;151;184;66
257;150;75;265
73;284;15;64
220;294;224;79
258;127;289;257
126;277;170;299
208;124;197;98
19;3;34;164
257;37;60;200
269;181;171;267
15;288;298;119
285;44;27;194
34;66;51;279
251;81;66;276
73;27;193;261
181;174;130;9
240;262;100;233
38;0;116;234
53;233;249;203
124;113;143;260
42;86;115;41
142;52;132;66
241;292;176;99
165;44;153;117
32;0;89;15
121;10;285;83
168;255;28;228
219;279;281;2
42;258;30;41
129;153;167;40
126;25;215;138
47;1;265;57
3;201;237;149
242;16;29;239
288;203;297;76
219;272;103;197
159;171;40;250
176;187;150;80
263;268;190;133
118;227;205;52
29;223;94;267
163;202;163;285
45;253;143;283
61;53;218;84
25;86;161;64
19;255;238;81
249;162;277;273
136;275;166;103
252;164;294;198
192;54;290;95
215;174;292;259
243;170;192;119
87;131;93;290
263;72;212;1
19;109;216;149
127;142;160;231
249;39;285;174
182;259;222;111
41;219;27;245
33;109;242;121
106;81;50;213
241;260;283;119
154;210;82;173
183;215;131;37
242;121;42;79
104;6;231;297
126;183;254;264
280;11;147;223
193;56;227;121
174;180;66;216
300;260;231;169
106;56;117;190
207;278;159;19
222;20;65;248
4;68;112;105
209;152;172;238
175;297;172;181
171;15;62;233
96;30;164;142
4;169;16;129
222;223;233;280
226;97;248;140
78;269;71;142
43;48;176;175
97;82;57;23
298;294;84;256
272;39;91;297
274;299;293;185
270;100;3;264
289;87;39;135
137;111;60;71
244;187;211;257
249;12;140;62
172;158;165;255
207;148;129;76
4;15;226;104
163;30;18;192
21;48;207;176
173;250;158;196
70;232;83;113
262;261;284;175
266;198;226;153
267;175;35;75
94;235;221;110
98;32;36;6
40;261;220;50
195;121;18;26
260;112;192;199
151;184;162;196
180;26;107;267
97;126;0;82
205;116;194;107
135;264;103;290
186;267;213;131
268;237;266;204
275;294;8;141
155;161;53;257
272;2;134;92
270;133;243;178
58;221;62;210
5;288;293;260
75;146;28;271
154;153;106;189
226;138;69;114
71;293;258;294
293;293;41;141
0;17;54;234
217;116;62;282
148;77;268;266
184;255;127;71
266;47;287;141
268;237;290;70
275;67;143;38
105;291;209;74
131;32;261;106
222;39;46;288
246;170;78;290
54;217;73;63
231;299;267;114
13;24;171;69
241;30;1;217
277;254;90;87
144;208;197;34
283;236;208;151
235;258;228;215
15;113;120;13
214;164;17;260
106;111;279;54
4;57;53;74
264;264;132;287
147;218;200;287
60;274;43;284
35;203;190;9
246;242;173;126
238;21;189;174
277;24;115;90
288;292;102;238
235;31;185;85
242;180;164;239
10;181;223;118
246;216;241;144
116;153;171;4
159;251;216;197
85;146;273;275
201;230;275;130
104;256;152;117
65;14;239;140
50;113;51;120
255;97;81;143
100;160;167;224
123;29;228;127
122;268;68;90
191;38;186;279
99;51;208;135
98;158;171;93
194;70;90;184
42;275;71;98
174;44;78;194
138;235;62;264
226;177;78;137
203;44;238;230
40;13;114;200
187;171;146;45
155;236;186;66
66;76;71;174
101;267;250;175
19;239;256;232
163;219;9;248
194;195;299;157
127;231;21;61
87;267;47;180
150;194;206;175
189;225;94;197
286;205;220;202
279;160;217;234
53;131;201;154
32;194;85;242
167;285;112;187
38;175;255;69
44;90;45;275
54;228;139;124
22;16;129;69
46;169;79;290
126;230;9;16
104;179;243;14
109;136;41;79
121;299;257;57
254;102;105;300
274;290;183;196
177;153;289;263
45;155;210;210
220;251;97;82
192;109;156;230
244;195;22;109
186;275;47;220
112;122;296;239
63;123;230;1
37;202;125;67
137;76;54;5
15;121;96;267
93;177;119;8
157;48;260;12
85;171;47;174
51;11;111;129
116;57;0;144
287;205;224;41
203;259;20;53
232;30;132;74
180;6;243;282
88;245;11;174
206;137;165;67
82;111;199;163
109;132;35;113
214;6;160;261
57;74;190;136
72;63;277;20
124;20;70;41
150;208;19;128
125;193;157;194
120;24;210;125
217;129;107;256
128;185;214;241
243;286;169;201
271;155;151;88
109;5;43;148
141;131;277;287
244;173;295;116
278;131;166;61
158;45;139;31
155;234;152;287
298;130;213;1
194;172;72;117
287;55;296;102
236;101;127;6
90;85;183;50
142;134;284;62
229;77;196;68
80;274;69;195
115;186;297;19
161;78;192;123
68;145;29;210
21;152;169;265
205;5;179;98
270;234;245;83
10;103;222;45
102;125;229;239
0;244;58;217
85;129;254;74
245;176;60;68
156;142;129;19
70;149;212;214
204;211;44;68
232;238;191;130
255;275;83;125
140;159;170;298
279;281;245;211
120;140;106;12
178;28;59;153
79;57;132;159
165;125;88;286
255;153;222;90
50;54;0;94
38;267;147;179
55;276;183;80
232;35;17;216
223;300;286;73
12;51;42;244
1;35;7;215
275;278;79;70
220;91;282;5
278;11;13;252
260;61;108;246
287;135;25;111
99;8;157;151
163;165;21;260
186;113;29;170
274;97;70;8
13;280;232;99
284;181;151;269
188;261;10;141
292;294;167;12
262;129;266;160
147;147;23;8
293;112;209;77
5;239;183;189
65;80;181;225
59;153;142;120
213;284;132;205
152;278;3;0
95;208;261;89
206;265;151;16
218;115;173;228
206;52;121;150
176;27;212;107
234;129;125;161
191;108;90;115
135;29;146;32
11;58;118;233
187;17;266;215
248;296;112;82
69;162;273;228
211;265;127;187
139;134;59;69
181;255;75;204
141;256;253;148
73;193;10;267
135;182;268;137
237;192;71;0
145;246;105;41
84;217;71;23
194;150;247;206
82;168;184;74
101;236;193;140
282;204;244;212
157;284;168;236
276;115;241;298
76;260;249;41
25;211;26;246
117;180;239;129
184;146;290;121
85;298;239;162
270;234;229;58
226;7;129;54
104;272;271;232
37;39;155;175
149;191;217;107
148;47;253;237
58;128;239;291
49;123;90;40
66;98;207;144
95;179;174;78
294;42;224;158
255;37;130;74
296;266;258;8
278;183;119;125
38;56;157;131
239;276;237;73
254;181;66;175
288;276;296;4
216;2;207;138
38;284;187;89
18;239;124;52
58;147;261;100
87;94;7;145
29;201;92;20
134;13;37;225
174;119;194;175
282;198;223;246
93;44;193;138
299;211;192;160
215;55;34;299
217;164;215;30
103;179;28;20
247;217;95;186
227;250;253;219
202;186;131;147
53;4;237;136
207;181;261;80
134;285;115;120
154;215;83;209
187;154;20;192
9;135;114;111
87;54;105;263
248;143;44;224
248;35;133;297
56;65;6;75
154;294;133;143
232;114;94;160
38;234;126;206
190;262;234;16
300;177;93;114
290;196;81;257
143;292;205;73
81;189;142;160
144;296;173;5
157;293;220;181
89;227;297;2
169;255;111;57
285;155;109;152
91;108;157;138
141;53;235;6
69;33;79;5
115;258;72;106
92;77;37;46
276;40;258;258
89;0;79;287
43;15;252;271
240;92;61;130
223;113;75;168
292;193;181;134
58;93;76;35
272;143;242;295
66;283;250;142
35;170;124;189
125;105;259;219
41;187;244;131
215;85;28;177
165;43;259;277
205;101;54;232
60;15;89;76
118;70;22;150
154;50;198;64
93;30;294;268
32;118;294;164
179;56;42;177
238;148;32;20
300;118;221;222
12;94;99;137
262;214;11;262
171;294;140;19
8;79;256;300
102;82;102;260
95;262;68;74
115;202;23;157
185;284;72;108
217;240;154;85
246;53;255;3
238;132;47;161
16;283;286;74
167;226;139;286
235;86;126;210
140;228;46;105
99;266;55;250
60;250;267;142
202;83;227;181
7;57;165;204
251;217;163;297
15;201;29;51
105;0;9;134
288;202;229;185
248;129;24;186
182;278;206;58
226;220;30;62
87;16;264;159
180;251;258;183
285;156;152;75
125;228;54;196
156;253;70;6
228;74;78;103
215;177;205;259
10;179;298;106
97;254;145;36
47;67;115;206
6;63;21;52
45;247;250;174
106;238;57;43
255;138;123;224
42;158;121;196
100;226;59;211
225;289;192;204
254;70;95;129
65;1;8;109
210;148;278;188
208;126;292;235
249;236;268;126
293;234;50;198
79;277;295;257
14;280;167;143
252;212;116;79
160;13;64;138
149;63;23;26
66;24;241;187
209;7;266;10
100;93;63;45
279;176;11;81
109;109;37;72
278;164;237;71
125;203;152;34
294;133;129;192
184;123;104;208
212;22;170;272
115;184;247;97
34;74;122;218
47;108;215;85
203;89;31;151
295;155;296;141
67;186;211;42
296;74;247;228
128;234;34;2
65;287;255;208
7;245;124;5
24;273;32;54
171;165;117;223
128;86;33;164
19;105;235;290
100;179;210;219
117;91;143;243
286;229;37;24
88;87;151;124
131;116;290;166
222;109;48;207
180;183;242;139
172;73;108;116
48;132;136;33
103;9;280;140
169;287;208;202
43;256;278;111
83;272;279;125
214;260;299;6
165;174;37;70
12;264;46;279
235;198;284;148
231;237;172;169
158;168;267;50
163;37;72;244
283;41;237;53
181;119;130;127
208;176;275;293
150;25;175;77
142;7;150;253
92;149;127;171
291;166;133;18
46;276;251;124
34;111;156;253
151;14;202;300
5;80;130;17
177;280;297;261
260;274;296;209
92;2;2;209
50;220;208;207
129;219;138;248
232;248;71;86
260;134;55;284
103;182;59;25
0;172;14;259
270;167;52;241
256;9;212;207
102;42;252;41
53;71;4;115
29;161;73;81
170;64;56;125
70;33;73;147
44;231;273;156
110;37;46;281
134;137;118;67
7;221;150;97
122;24;67;264
242;72;201;127
1;170;123;157
227;66;4;177
4;127;89;27
156;42;288;139
8;1;198;293
38;149;139;272
225;3;104;29
50;232;103;2
42;89;205;266
47;285;221;132
42;46;113;21
11;256;196;161
8;254;282;130
156;273;137;145
114;272;109;139
58;262;7;100
284;226;233;8
3;299;24;107
39;40;39;201
299;133;267;203
279;251;251;18
142;84;189;62
133;89;269;190
177;198;245;204
96;168;5;269
221;201;253;60
190;70;223;78
68;182;285;27
194;240;153;125
108;182;76;86
152;155;72;119
27;181;264;8
23;246;222;241
53;44;81;122
137;119;86;188
268;284;199;49
200;277;166;258
63;6;241;39
48;94;167;278
107;265;11;52
147;205;90;47
175;131;291;203
13;248;281;15
172;138;180;242
160;246;197;174
138;47;103;257
273;216;216;276
288;271;243;273
102;173;5;24
215;103;267;65
53;24;130;175
33;110;10;222
231;298;212;30
138;273;292;104
205;226;191;111
179;101;45;260
186;151;111;186
213;20;41;181
230;134;261;118
118;86;59;266
35;74;221;111
187;212;74;234
80;25;134;103
115;255;289;240
274;130;115;93
65;98;276;38
